# 词	圣经次数	圣经/现代频率比	凝固度	邻字熵	识别稿原样	同音误识	误识写法	备注
约伯	66	1065	3.0	1.99	3896	4	越驳×2、月伯×2	
这事	333	5373	2.8	3.1	23	1012	这是×968、者是×19、着石×7	
以利	601	287	2.9	2.25	671	33	以理×9、伊利×5、一立×4	
以利法	24	1549	3.1	1.78	611	5	一立法×3、伊利法×2	
基督	583	152	6.0	3.04	556	46	极度×24、嫉妒×8、己读×6	
耶和华	6980	13652	4.5	3.28	482	0		
福音	137	77	5.9	2.68	454	1	福因×1	
耶稣	1640	225	4.5	2.51	442	0		
敬畏	200	44	7.3	1.95	328	6	经为×5、境为×1	
撒但	55	3550	3.0	2.51	48	272	撒旦×272	
句话	29	1872	5.2	1.24	318	0		
得救	103	63	3.4	1.41	82	202	的就×129、的救×54、得就×8	
示巴	65	1398	3.9	1.96	10	273	是吧×200、是把×36、十八×12	
保罗	214	44	5.6	2.74	200	0		
先知	523	193	5.5	3.41	135	40	限制×29、限之×2、先指×2	
圣徒	64	75	4.3	2.43	170	0		
应许	209	843	5.8	2.37	163	0		
使徒	108	118	3.9	2.91	139	15	是突×5、是徒×5、试图×4	
公义	276	990	5.9	2.8	105	45	公益×29、工艺×7、工一×4	
祷告	247	111	6.4	1.95	147	3	道告×1、导高×1、倒告×1	
安息	226	56	5.7	1.17	141	1	按系×1	
摩西	870	556	5.5	2.65	136	0		
咒诅	168	678	8.4	2.29	126	0		
称义	35	2259	4.2	1.38	43	80	成一×61、称一×8、诚以×2	
恶人	307	33	2.6	3.13	121	0		
敬畏神	29	1872	3.3	1.16	118	1	经为什×1	
就可以	99	6390	2.6	2.39	117	0		
不认	111	7164	3.5	1.16	102	15	不人×9、不忍×2、不仁×1	
义人	208	13425	2.6	2.97	36	76	一人×38、以人×18、艺人×8	
灾祸	97	35	7.0	2.49	88	11	在火×7、再活×2、在活×2	
把它	27	1743	3.4	1.65	21	74	把他×73、把她×1	
罪孽	241	102	6.3	2.1	95	0		
亚伯	380	8175	4.1	1.09	88	4	亚波×4	
圣灵	211	252	5.6	2.94	90	1	生灵×1	
救恩	88	5680	5.0	1.74	83	7	旧恩×5、就恩×2	
传道	38	53	3.8	1.67	89	1	传到×1	
大卫	1164	439	5.2	2.82	82	7	达为×6、答为×1	
经上	113	7293	2.9	2.07	77	11	景上×5、经商×2、径上×1	
喜乐	137	123	5.8	1.32	65	23	西了×9、息了×7、系了×5	
耶稣基督	143	2307	4.5	2.13	87	0		
天使	181	32	3.4	2.57	67	19	天是×17、天时×2	
持守	15	968	5.7	2.06	86	0		
真道	40	2582	4.1	1.77	79	6	震到×3、真到×3	
惧怕	212	32	7.2	1.83	83	0		
亚伯拉罕	262	846	5.2	2.68	82	0		
荣耀	423	55	7.3	2.77	79	1	容要×1	
诚实	141	31	6.6	3.07	37	37	成是×14、城市×9、程是×4	
恶事	49	791	2.6	1.83	61	11	恶势×4、恶是×4、呃试×2	
会众	180	132	4.7	2.31	29	43	灰中×28、会中×7、会重×5	
悖逆	81	581	9.1	1.93	4	68	被你×64、背逆×2、被尼×1	
愚妄	49	791	7.2	1.56	52	19	鱼王×8、欲望×6、渔王×2	
希伯	150	9681	4.8	1.38	67	1	西伯×1	
希伯来	49	132	4.0	1.45	67	1	西伯来×1	
复活	171	41	6.8	1.5	63	3	福祸×2、福或×1	
敬拜	98	1581	6.4	2.59	64	1	净败×1	
异象	94	6067	8.2	2.04	9	54	一想×14、意象×13、以想×8	
永生	154	106	4.8	1.59	50	13	用圣×13	
圣者	71	208	4.3	1.47	41	22	生这×13、胜者×9	
赦免	106	41	7.6	2.02	61	0		
有一位	66	4260	4.1	2.57	58	2	有意为×1、友以为×1	
悔改	52	53	7.7	1.67	52	8	会改×6、会该×1、慧该×1	
炉灰	10	38	7.4	1.36	57	2	芦灰×2	
全能者	50	3227	6.6	2.62	58	0		
争战	220	254	6.9	1.06	12	46	征战×45、正站×1	
慈爱	197	98	6.6	1.69	57	0		
为圣	199	12844	2.9	1.97	37	19	位圣×13、为生×3、卫生×3	
有一点	10	645	2.8	1.64	56	0		
洁净	399	99	7.1	2.29	25	30	解经×21、节经×8、结晶×1	
离弃	128	516	5.6	2.59	24	31	立起×6、力气×5、离其×4	
弃掉	16	1033	5.1	2.25	48	7	气掉×6、气吊×1	
有福	115	7422	3.0	1.37	47	7	有妇×3、有服×2、有复×1	
救赎	79	1275	5.2	2.07	52	0		
以利户	11	710	4.1	1.03	52	0		
神面前	113	7293	2.9	1.67	51	0		
愚昧	121	35	8.2	1.54	47	3	于每×2、予每×1	
耶利米	157	1689	4.4	2.27	50	0		
帐棚	135	2178	7.6	2.5	5	43	帐篷×43	
过犯	73	4712	4.8	1.69	39	8	果反×5、果翻×2、过反×1	
果子	180	31	4.1	1.71	30	16	过自×12、果自×4	
所罗门	316	334	4.9	2.54	46	0		
彼得	188	36	4.7	1.91	26	20	避的×12、比的×4、彼的×2	
离恶	29	1872	2.9	1.33	44	1	里恶×1	
十字架	81	35	6.2	1.84	44	0		
存留	69	51	5.8	2.39	43	0		
却不	341	22009	3.4	2.86	42	1	缺不×1	
各样	164	221	3.7	3.18	12	29	个样×24、个仰×2、个扬×1	
权柄	125	323	8.1	2.26	41	0		
分两	18	1162	3.0	1.27	26	15	分量×15	
犹大	1019	2740	5.0	3.09	16	24	有大×10、有答×7、有打×3	
写在	104	6712	3.0	1.89	25	15	些在×15	
有智慧	80	5163	3.1	1.15	39	0		
再回	13	839	2.5	1.69	18	21	在回×18、在虺×1、在恢×1	
众圣徒	24	1549	5.2	2.18	39	0		
试炼	15	242	7.6	1.97	16	23	是连×11、是怜×5、实连×3	
照着	198	297	4.2	2.71	19	19	照这×16、找这×3	
至高	70	4518	5.3	1.46	33	5	只羔×2、只告×2、直告×1	
完全人	23	1484	2.7	1.25	32	5	完全认×4、完全任×1	
献祭	87	49	3.7	1.6	33	4	先级×2、现极×1、先记×1	
污秽	145	64	8.2	2.61	11	26	误会×24、无悔×1、午会×1	
遭灾	18	39	5.7	1.5	34	3	早在×3	
称颂	108	35	6.7	1.7	36	0		
临到	409	224	5.0	2.75	35	1	淋到×1	
赐给	403	6503	5.0	1.94	34	1	次给×1	
子孙	628	39	4.5	1.54	35	0		
显明	70	65	5.2	2.7	24	11	鲜明×9、先明×2	
止息	60	105	6.6	1.48	19	15	知系×6、只希×4、窒息×2	
受造	18	1162	2.9	1.06	30	4	手造×4	
认识神	20	1291	3.0	1.07	25	9	人是什×6、认识身×2、人是神×1	
愚妄人	25	1614	3.3	1.54	26	7	鱼王人×4、渔王人×2、于妄人×1	
律法	387	6245	5.9	2.86	32	0		
神的道	39	2517	3.0	1.64	31	1	深的道×1	
犹太	254	46	5.9	1.12	25	7	有太×7	
仆人	770	55	3.6	2.76	31	0		
欺压	96	33	8.2	2.66	28	3	起呀×1、气呀×1、器呀×1	
信实	29	624	3.7	1.25	6	25	心是×11、信是×8、信使×2	
愚顽	27	145	7.7	1.33	24	6	于完×2、予万×1、语完×1	
以赛亚	61	3937	4.7	1.91	30	0		
利亚	666	163	3.5	1.96	9	20	里呀×8、理呀×6、力呀×2	
谦卑	38	48	8.7	1.46	11	18	前辈×12、钱被×2、前被×2	
按着	251	46	5.0	2.51	18	10	按这×10	
指示我	36	2324	2.5	1.52	11	17	只是我×14、至是我×2、知是我×1	
升到	13	210	3.3	1.04	6	22	圣道×12、生到×6、盛到×2	
喜笑	12	775	4.9	1.1	5	22	细笑×9、戏笑×7、嬉笑×5	
戏笑	13	280	7.8	1.99	7	20	细笑×9、嬉笑×5、喜笑×5	
有能力	46	2969	3.5	1.59	27	0		
神迹	92	192	5.2	1.6	15	12	身疾×4、神既×3、神纪×2	
遵行	174	184	5.0	2.21	27	0		
席上	18	1162	3.0	2.06	17	10	西上×4、系上×3、息赏×1	
以弗所	21	226	3.4	1.59	27	0		
作恶	53	35	2.8	1.71	21	5	做噩×3、做恶×1、做呃×1	
诫命	133	2146	6.9	1.72	20	6	戒命×6	
愚拙	19	136	8.1	1.34	26	0		
祭司	950	209	6.0	2.82	13	12	己死×5、己思×2、迹死×1	
躺卧	62	211	8.5	1.74	25	0		
劳碌	82	81	8.5	2.22	24	1	老路×1	
辖制	33	112	7.1	2.3	15	10	下之×9、下只×1	
刚硬	33	34	8.3	1.02	25	0		
圣洁	101	68	4.8	1.64	18	7	生阶×3、生皆×3、生截×1	
刚强	34	35	6.8	1.57	25	0		
胜于	19	307	4.0	2.01	10	14	生育×4、生与×4、生于×3	
岂不	225	14522	3.8	2.82	16	7	气不×3、其不×3、期不×1	
仇敌	354	149	7.2	3.07	23	0		
雅各	458	227	5.0	2.81	20	3	雅歌×3	
割下	12	194	2.9	1.63	9	14	个下×10、个狭×2、个夏×1	
犯了	55	3550	2.8	1.58	14	9	翻了×5、烦了×4	
同工	13	210	2.7	1.09	19	4	通工×2、同共×1、童工×1	
看不见	17	274	4.5	2.04	22	0		
新酒	45	2904	6.1	1.6	4	18	心就×8、信就×5、新旧×5	
呼求	71	4583	4.7	1.81	22	0		
讲论	29	37	5.3	2.55	22	0		
不明白	52	3356	3.5	2.3	22	0		
燔祭	299	19298	6.0	2.01	13	8	反击×6、反极×1、范基×1	
工价	31	61	6.3	1.22	20	1	公假×1	
至圣	57	920	4.3	1.45	6	15	只剩×4、制胜×3、止生×2	
屈身	23	371	5.7	2.01	6	15	去身×6、去申×4、去什×3	
传福音	28	1807	6.1	1.26	21	0		
活物	73	105	4.3	2.37	11	9	货物×9	
住在	496	32013	3.1	3.75	17	3	主在×3	
厌弃	38	42	6.7	2.51	8	12	咽气×8、眼岂×2、言其×1	
亚述	165	71	4.8	1.72	3	16	亚书×16	
伏在	92	5938	3.3	1.79	14	5	夫在×2、福在×2、福再×1	
归到	62	1000	2.6	1.99	9	10	轨道×8、鬼祷×1、跪到×1	
眷顾	42	31	8.1	2.38	19	0		
配得	12	194	4.0	1.82	5	14	配的×12、佩的×1、沛的×1	
诡诈	108	194	8.6	1.58	19	0		
降灾	11	710	4.5	1.47	16	3	讲再×2、降在×1	
听从	244	31	3.5	2.36	16	2	庭从×2	
饥荒	98	33	7.4	1.83	18	0		
落在	75	4841	3.1	3.07	8	10	罗在×9、罗再×1	
从天	137	8842	3.0	1.38	18	0		
战兢	57	3679	7.4	1.89	18	0		
有一件	34	2194	3.8	1.64	15	3	有意见×2、有一间×1	
提幔	19	1226	5.6	1.66	17	1	体满×1	
信的人	36	2324	2.8	2.36	11	7	心的人×6、新的人×1	
信靠	13	839	3.4	1.73	16	2	心靠×1、新考×1	
愚顽人	16	1033	3.5	1.45	15	3	于完人×2、余万人×1	
训诲	51	106	8.1	1.48	18	0		
城门口	32	516	4.9	1.17	17	0		
轻看	24	1549	4.5	2.45	15	2	请看×2	
能看	63	4066	2.6	1.1	16	1	能砍×1	
磐石	127	146	7.2	2.37	9	8	判是×6、盘是×1、判式×1	
几个人	24	1549	2.7	2.0	7	10	己个人×10	
应验	75	57	6.5	2.39	17	0		
之辈	13	210	5.9	1.38	11	6	直被×3、置卑×1、至背×1	
藏在	58	3744	3.0	3.11	16	0		
更重	17	1097	5.0	1.01	16	0		
照你的话	15	968	5.0	1.68	16	0		
恩惠	70	41	7.3	1.6	16	0		
瞎眼	28	35	5.9	1.02	10	6	下咽×6	
死荫	16	1033	5.6	2.07	13	3	死阴×1、死因×1、思因×1	
只有一位	12	775	4.9	1.33	16	0		
立约	90	242	3.4	1.03	12	3	里约×2、里越×1	
指示你	47	3034	2.8	1.54	8	7	只是你×5、至是你×2	
众弟兄	35	2259	3.2	2.34	15	0		
容我	79	5099	2.5	1.61	15	0		
律例	148	59	6.6	1.44	12	3	旅离×2、律里×1	
颈项	76	68	9.1	1.76	3	12	睛想×5、经详×3、景象×2	
原处	20	42	3.4	1.71	3	12	远处×9、员出×1、怨处×1	
救我脱离	47	3034	6.6	1.83	15	0		
以色列人	1043	67318	3.0	3.31	15	0		
幔子	82	1323	4.2	2.1	6	9	蔓子×8、满自×1	
转意	17	183	3.8	1.2	9	6	转一×3、赚一×2、撰一×1	
拉撒路	19	1226	6.0	2.26	15	0		
眼目	89	67	6.0	1.62	14	0		
挪亚	86	5551	4.4	2.46	14	0		
数算	13	210	5.0	1.84	13	1	书算×1	
事告诉	44	2840	3.1	1.57	4	10	师告诉×3、是告诉×3、实告诉×2	
鉴察	23	371	8.5	1.97	9	5	见查×1、监察×1、间差×1	
外邦	285	4599	6.5	1.21	14	0		
拣选	137	316	8.1	2.68	14	0		
困苦	96	37	6.7	2.27	14	0		
之处	136	2194	4.1	1.26	6	8	指出×4、直出×2、质除×1	
约拿	171	11037	3.5	1.22	4	10	约那×7、越那×2、悦纳×1	
自以为	16	1033	3.7	1.75	14	0		
门徒	375	202	5.8	2.62	14	0		
有声音	37	2388	2.6	1.84	13	0		
牧养	46	186	7.2	2.31	7	6	牧羊×3、慕阳×2、沐阳×1	
血气	52	35	5.4	1.12	12	1	学其×1	
万族	13	839	2.9	1.09	13	0		
日头	67	32	2.9	1.77	13	0		
有一件事	19	1226	4.1	1.76	13	0		
阴间	76	44	6.5	2.08	12	1	音简×1	
不认识	79	5099	3.7	2.11	13	0		
连一	41	2646	2.6	1.51	10	3	连衣×1、连意×1、连以×1	
降祸	22	1420	5.2	1.23	5	8	降火×8	
论到	106	1710	3.5	1.42	12	1	论道×1	
枯干	69	194	7.8	1.11	13	0		
巴比伦	325	61	6.3	2.4	13	0		
神的荣耀	16	1033	3.0	1.12	13	0		
该隐	24	1549	6.1	1.83	7	5	该因×5	
富足	53	37	7.4	1.31	12	0		
若不	199	12844	2.5	2.05	12	0		
神的名	41	2646	2.7	1.94	10	2	身的明×1、神的命×1	
族的人	32	2065	2.9	1.95	3	9	诅的人×7、阻的人×2	
穿上	62	4002	3.7	2.56	11	1	传上×1	
一无所	26	1678	4.2	1.95	12	0		
不愿意	31	2001	3.2	2.16	12	0		
禾捆	10	645	7.3	2.16	5	7	和困×5、何困×1、何捆×1	
条路	26	1678	4.4	1.67	12	0		
顺服	54	268	5.9	2.54	10	2	顺父×2	
神的恩	22	1420	3.5	1.93	12	0		
众先知	53	3421	3.9	2.29	12	0		
加给	28	452	2.7	1.4	10	2	家给×2	
有信心	19	1226	3.0	1.56	12	0		
放胆	23	35	6.0	2.34	11	1	方单×1	
基督耶稣	87	5615	4.4	2.07	12	0		
赤身	37	140	6.4	1.87	9	2	吃什×1、持神×1	
旷野	319	42	7.2	2.46	5	6	况也×6	
门关	11	710	4.0	1.29	4	7	们惯×5、们观×1、们关×1	
外邦人	210	13554	3.7	3.15	11	0		
追讨	33	93	7.2	1.97	11	0		
行善	47	30	3.7	1.63	10	1	形闪×1	
至高者	37	2388	6.6	2.2	11	0		
劝勉	21	194	7.7	1.9	6	5	全面×5	
加增	55	887	6.5	2.76	10	0		
杀了	223	14393	3.3	2.88	8	2	啥了×1、傻了×1	
遭报	14	226	5.3	1.12	10	0		
拉麦	14	904	3.5	1.22	10	0		
带进	16	258	2.9	2.39	4	6	代近×4、代靳×1、代晋×1	
玛利	113	2431	3.2	1.61	8	2	马力×2	
迦勒	178	1641	5.4	1.83	10	0		
怎能	64	4131	4.0	2.01	10	0		
实在是	23	1484	2.5	2.55	6	4	使在世×1、是在十×1、是在实×1	
彼此相	46	2969	6.2	2.53	10	0		
可畏	46	742	4.1	1.01	9	1	克为×1	
抱着	14	904	4.1	1.43	5	5	保这×3、报这×1、保着×1	
羊圈	11	35	5.3	1.5	10	0		
降下	49	42	4.0	1.72	5	5	讲下×5	
客旅	20	1291	8.1	1.33	10	0		
另有	17	1097	3.1	1.08	9	1	灵有×1	
不缺	13	839	2.7	1.78	4	6	不确×5、部缺×1	
帮助我	61	3937	2.6	1.01	10	0		
交托	17	69	5.6	2.12	10	0		
神的旨意	19	1226	4.1	1.38	10	0		
切慕	14	904	4.6	1.87	10	0		
弃绝	49	211	6.0	2.45	3	7	气绝×6、其绝×1	
钉十字架	27	1743	8.2	1.02	6	4	定十字架×4	
赐福	116	220	5.2	1.2	7	2	此付×1、此服×1	
差遣	180	45	7.8	2.71	6	3	拆迁×3	
塞住	10	161	4.4	1.75	9	0		
用刀	92	5938	4.5	1.8	4	5	用到×3、用道×2	
难的时候	19	1226	3.3	1.44	7	2	南的时候×2	
扫罗	467	30142	6.1	2.49	9	0		
邻舍	104	70	7.8	2.76	9	0		
亚撒	235	15168	2.9	2.09	3	6	亚萨×6	
如火	41	2646	3.2	2.4	9	0		
有知识	23	1484	3.1	1.77	7	2	又指示×1、有智识×1	
亵渎	82	32	9.1	2.26	4	5	些读×5	
自己的罪	34	2194	3.5	1.52	7	2	自己的嘴×2	
有多少	10	645	3.6	1.7	9	0		
亚萨	63	4066	4.0	1.64	6	3	亚撒×3	
主耶稣	118	1904	3.6	1.59	9	0		
发怒	174	39	5.2	1.37	8	0		
迦勒底	105	6777	6.8	1.17	8	0		
列祖	319	5147	5.0	1.46	8	0		
岂不是	78	1259	3.3	2.56	8	0		
打发人	124	8003	2.9	1.84	8	0		
到第三	17	1097	3.4	1.2	8	0		
恩待	31	2001	4.9	2.29	8	0		
不要怕	37	2388	4.4	1.11	8	0		
约书亚	236	5077	5.2	2.21	8	0		
治好	30	484	4.2	1.34	5	3	止好×1、直好×1、至毫×1	
拿单	179	3851	5.9	1.12	3	5	那但×3、那单×1、那淡×1	
救主	41	662	3.0	1.87	4	4	就祝×2、就注×1、就逐×1	
迦勒底人	73	4712	3.6	2.61	8	0		
良善	30	36	6.6	1.24	6	2	梁山×2	
更美	17	1097	4.4	1.21	4	4	更没×4	
结果子	34	2194	4.3	1.16	7	0		
求告	92	112	3.8	1.97	7	0		
举目	52	33	6.7	1.77	5	2	句牧×2	
亚玛	150	9681	3.2	1.5	5	2	亚马×2	
寿数	12	46	6.9	1.36	5	2	手术×2	
看顾	37	80	4.4	2.69	6	1	看古×1	
族长	155	48	5.0	1.83	5	2	组长×2	
臣仆	156	775	6.3	2.27	5	2	尘仆×2	
归回	100	1614	4.3	2.3	6	1	鬼会×1	
难的日子	19	1226	4.5	1.24	7	0		
曾用	15	968	2.5	1.41	7	0		
用智慧	18	1162	3.0	2.48	7	0		
算为	50	3227	3.3	2.79	5	2	算委×1、算微×1	
母腹	11	142	5.4	1.29	7	0		
奸恶	32	516	5.4	1.52	4	3	见恶×3	
常与	31	2001	3.0	1.3	4	3	常遇×3	
圣民	33	2130	2.7	1.67	7	0		
耶路撒冷	827	152	4.5	3.1	7	0		
波阿斯	35	377	7.1	1.32	7	0		
蒙召	24	1549	5.5	2.03	7	0		
敬虔	33	2130	6.8	1.73	7	0		
发旺	14	904	5.7	1.44	6	1	发往×1	
书卷	38	79	6.0	1.97	7	0		
提摩太	25	1614	7.5	2.15	7	0		
风吹	26	420	6.2	2.11	6	0		
带出	35	565	2.6	1.68	5	1	代出×1	
求问	70	4518	4.2	1.9	6	0		
同吃	35	2259	2.8	1.62	6	0		
灾殃	22	177	8.1	1.71	3	3	再扬×1、在养×1、在仰×1	
然无	21	1355	2.6	1.4	6	0		
不义之	14	904	4.1	1.22	5	1	不一致×1	
别神	86	5551	3.3	1.18	6	0		
毁谤	51	157	7.4	2.4	4	2	会帮×2	
献燔祭	48	3098	5.1	1.27	6	0		
憎恶	80	34	5.6	1.64	6	0		
靠耶和华	49	3163	2.7	1.31	6	0		
所传	43	694	2.6	1.59	6	0		
巴拉	62	48	2.9	2.52	5	1	扒拉×1	
诚诚实实	11	710	7.1	1.37	6	0		
拿俄米	28	1807	6.2	1.94	6	0		
救你脱离	10	645	6.1	1.5	6	0		
法利赛人	102	6583	4.0	2.25	6	0		
税吏	23	371	9.8	2.07	5	1	水里×1	
神的国	47	3034	3.7	2.39	6	0		
赶出	141	2275	4.8	2.89	3	2	感触×1、赶除×1	
少年人	130	110	3.9	2.36	5	0		
巴兰	92	742	4.5	2.43	5	0		
站着	62	4002	3.6	2.07	4	1	战这×1	
约瑟	307	826	5.8	2.58	5	0		
军兵	72	4647	5.5	1.97	5	0		
哀哭	69	1113	6.6	1.81	5	0		
吃草	23	1484	4.8	1.23	5	0		
有聪明	24	1549	3.1	1.29	5	0		
出埃及	79	5099	3.6	1.44	5	0		
以利亚	250	16136	3.7	2.56	5	0		
行恶	57	3679	2.6	1.72	5	0		
砍下	32	2065	4.9	2.12	4	1	看下×1	
垂听	48	3098	5.6	1.72	5	0		
愚昧人	67	4324	3.4	2.19	5	0		
假先知	12	775	4.8	1.98	3	2	迦先知×2	
彼拉多	63	4066	6.4	1.66	3	2	比拉多×2	
腓利	19	409	4.1	1.98	4	1	费力×1	
飞鸟	65	33	7.9	1.51	4	0		
泉源	34	219	9.1	1.36	3	1	全远×1	
名叫约	19	1226	3.0	1.91	4	0		
加添	16	47	6.2	1.99	3	1	家天×1	
设摆	23	1484	6.1	1.15	4	0		
指着自己	15	968	3.7	1.06	4	0		
与你同	58	3744	4.2	1.08	4	0		
挨近	39	47	7.0	2.73	3	1	哎今×1	
想要杀	22	1420	5.6	1.43	3	1	想要啥×1	
伯利恒	54	174	6.7	2.1	4	0		
责打	27	32	4.7	1.85	4	0		
发怨言	23	371	6.2	1.16	4	0		
陈明	24	1549	6.0	1.61	4	0		
偶像	185	32	6.2	2.43	4	0		
神所赐	54	3485	4.3	1.53	4	0		
有权柄	30	1936	3.3	2.22	4	0		
打碎	60	39	5.7	2.43	3	1	达虽×1	
吃饱	25	403	5.4	1.09	4	0		
停住	11	177	4.6	1.67	4	0		
不偏	21	339	3.0	1.17	4	0		
不丢弃	13	839	3.1	1.22	4	0		
追想	17	274	5.0	2.08	4	0		
被接	11	710	2.7	1.39	3	1	被解×1	
称赞你	25	1614	2.8	1.11	4	0		
叫世人	11	710	3.7	1.55	3	1	教是人×1	
加给你	11	710	2.9	1.16	3	1	家给你×1	
会堂	69	93	6.9	1.4	4	0		
亚波罗	11	710	5.2	1.64	4	0		
羊群	126	74	5.9	2.52	3	0		
赶逐	14	904	6.8	2.01	3	0		
撒拉	87	144	2.8	2.6	3	0		
亚伯兰	71	4583	5.2	2.05	3	0		
坑里	27	436	3.9	1.75	3	0		
苦待	23	1484	4.6	2.39	3	0		
以实玛利	58	3744	4.7	1.95	3	0		
神的使者	17	1097	3.2	1.51	3	0		
话告诉	31	2001	3.1	1.33	3	0		
吞了	17	1097	2.7	1.84	3	0		
到如今	43	2775	3.7	1.73	3	0		
仍归	12	775	3.7	1.98	3	0		
牛羊	36	45	4.1	2.26	3	0		
被杀	113	7293	4.2	1.66	3	0		
命定	29	89	3.6	2.35	3	0		
为奴	30	1936	3.3	1.22	3	0		
苦工	14	60	4.0	1.05	3	0		
指教你	15	968	2.6	1.4	3	0		
总要	82	1323	3.8	1.31	3	0		
吞灭	57	184	6.1	2.47	3	0		
冠冕	72	133	9.2	1.71	3	0		
硬着颈项	18	1162	9.0	1.19	3	0		
器皿	129	33	7.7	2.32	3	0		
遵行我	45	2904	2.5	1.72	3	0		
大祭司	94	1517	2.9	2.76	3	0		
穷乏	64	243	7.4	1.31	3	0		
恨恶	80	1721	5.3	3.06	3	0		
末后	37	80	4.7	1.47	3	0		
蒙羞	69	557	6.2	1.33	3	0		
修造	61	31	6.0	2.25	3	0		
灭尽	34	549	4.5	1.39	3	0		
追念	18	61	4.7	1.9	3	0		
约拿单	125	8068	5.5	1.93	3	0		
撒母耳	154	9940	5.9	2.0	3	0		
饥饿的人	11	710	3.7	1.97	3	0		
朽坏	24	221	7.7	1.06	3	0		
从东	25	1614	2.7	1.44	3	0		
捆锁	16	1033	7.5	1.75	3	0		
奉主	18	1162	2.8	1.5	3	0		
直到	629	36	4.9	1.74	56	1482	知道×1410、指导×27、指到×21	排除：同音常用词 知道
起誓	282	387	6.0	1.4	11	1150	其实×975、启示×85、岂是×43	排除：同音常用词 其实
奇事	79	39	4.8	1.52	7	1154	其实×975、启示×85、岂是×43	排除：同音常用词 其实
伊甸	20	323	6.1	1.92	12	543	一点×539、以颠×3、译点×1	排除：同音常用词 一点
至终	19	1226	5.4	1.03	5	145	之中×141、至中×2、知众×1	排除：同音常用词 之中
有几	50	3227	3.0	1.37	18	77	有机×28、有基×20、友讥×5	排除：同音常用词 有机
以弗	100	6454	3.5	1.23	27	43	衣服×38、以福×1、一副×1	排除：同音常用词 衣服
坚立	42	2711	4.8	1.89	6	57	建立×52、间里×4、监里×1	排除：同音常用词 建立
四围	199	247	6.1	3.03	7	51	思维×41、四维×7、四为×1	排除：同音常用词 思维
寄居	145	123	7.1	1.19	5	34	几句×29、机举×2、极具×1	排除：同音常用词 几句
默示	52	3356	6.2	1.57	8	20	末世×11、模式×8、魔是×1	排除：同音常用词 模式
吐出	18	290	4.8	2.14	4	9	突出×8、徒出×1	排除：同音常用词 突出
网罗	75	60	5.6	1.95	5	5	网络×5	排除：同音常用词 网络
