# 约伯记短语：章:节	短语	识别稿原样出现	同音误识	误识写法（前5）
1:1	那人完全正直	2	0	
1:1	敬畏神	118	1	经为什×1
1:1	远离恶事	44	0	
1:2	他生了七个儿子	2	0	
1:2	三个女儿	2	0	
1:3	他的家产有七千羊	2	0	
1:3	三千骆驼	8	0	
1:3	五百对牛	4	0	
1:3	五百母驴	4	0	
1:3	并有许多仆婢	4	0	
1:4	就打发人去	2	0	
1:4	与他们一同吃喝	0	2	与她们一同吃喝×2
1:5	筵宴的日子过了	0	0	
1:5	他清早起来	2	0	
1:5	因为他说	14	0	
1:5	恐怕我儿子犯了罪	2	0	
1:5	心中弃掉神	4	0	
1:5	约伯常常这样行	4	0	
1:6	有一天	49	0	
1:6	撒但也来在其中	4	4	撒旦也来在其中×4
1:7	耶和华问撒但说	7	0	
1:7	你从哪里来	18	0	
1:7	撒但回答说	3	2	撒旦回答说×2
1:7	我从地上走来走去	9	0	
1:7	往返而来	18	0	
1:9	撒但回答耶和华说	0	2	撒旦回答耶和华说×2
1:9	约伯敬畏神	3	0	
1:9	岂是无故呢	9	0	
1:10	并他一切所有的吗	0	0	
1:11	他必当面弃掉你	12	0	
1:12	耶和华对撒但说	2	1	耶和华对撒旦说×1
1:14	有报信的来见约伯	1	0	
1:14	牛正耕地	0	0	
1:14	驴在旁边吃草	1	0	
1:15	示巴人忽然闯来	1	0	
1:15	把牲畜掳去	0	0	
1:15	并用刀杀了仆人	2	0	
1:15	惟有我一人逃脱	0	4	唯有我一人逃脱×4
1:15	来报信给你	4	0	
1:16	他还说话的时候	3	0	
1:16	又有人来说	1	0	
1:16	神从天上降下火来	1	0	
1:17	把骆驼掳去	1	0	
1:19	有狂风从旷野刮来	1	0	
1:19	击打房屋的四角	1	0	
1:19	他们就都死了	1	0	
1:20	约伯便起来	1	0	
1:20	撕裂外袍	5	0	
1:20	剃了头	1	0	
1:20	伏在地上下拜	1	0	
1:21	我赤身出于母胎	3	0	
1:21	也必赤身归回	2	0	
1:21	赏赐的是耶和华	16	0	
1:21	收取的也是耶和华	1	0	
1:22	也不妄评神）	0	0	
2:1	又有一天	2	0	
2:3	你虽激动我攻击他	1	0	
2:3	无故地毁灭他	2	0	
2:4	人以皮代皮	3	1	人以皮带皮×1
2:4	保全性命	3	0	
2:6	他在你手中	1	0	
2:6	只要存留他的性命	2	0	
2:7	击打约伯	5	0	
2:8	约伯就坐在炉灰中	1	0	
2:8	拿瓦片刮身体	1	0	
2:9	他的妻子对他说	1	0	
2:9	你弃掉神	7	1	你气掉神×1
2:9	死了吧	8	0	
2:10	约伯却对她说	0	2	约伯却对他说×2
2:10	不也受祸吗	7	0	
2:11	书亚人比勒达	2	0	
2:11	为他悲伤	4	0	
2:11	安慰他	9	0	
2:12	认不出他来	1	0	
2:12	就放声大哭	1	0	
2:12	各人撕裂外袍	0	2	个人撕裂外袍×2
2:12	把尘土向天扬起来	1	0	
2:12	落在自己的头上	1	0	
2:13	因为他极其痛苦	1	0	
3:4	愿那日变为黑暗	1	0	
3:4	愿亮光不照于其上	0	0	
3:5	愿密云停在其上	1	0	
3:5	愿日蚀恐吓它	0	1	愿日蚀恐吓他×1
3:6	愿那夜被幽暗夺取	1	0	
3:6	也不入月中的数目	0	1	也不入月中的树木×1
3:7	愿那夜没有生育	1	0	
3:9	盼亮却不亮	1	0	
3:11	为何不出母腹绝气	1	0	
3:12	为何有膝接收我	0	0	
3:12	为何有奶哺养我	0	0	
3:13	我就早已躺卧安睡	2	0	
3:15	或与有金子	0	0	
3:16	或像隐而未现	0	0	
3:16	不到期而落的胎	2	0	
3:16	归于无有	4	0	
3:16	如同未见光的婴孩	2	0	
3:17	困乏人得享安息	2	0	
3:18	被囚的人同得安逸	1	0	
3:18	不听见督工的声音	4	0	
3:19	大小都在那里	3	0	
3:21	他们切望死	2	0	
3:21	却不得死	1	0	
3:21	胜于求隐藏的珍宝	1	0	
3:22	极其欢喜	3	0	
3:23	人的道路既然遮隐	0	0	
3:23	神又把他四面围困	2	0	
3:23	为何有光赐给他呢	2	0	
3:26	我不得安逸	1	0	
3:26	不得平静	2	0	
3:26	也不得安息	1	0	
3:26	却有患难来到	2	0	
4:2	人若想与你说话	0	0	
4:2	你就厌烦吗	0	0	
4:2	但谁能忍住不说呢	0	0	
4:3	又坚固软弱的手	0	0	
4:5	但现在祸患临到你	0	0	
4:5	你就昏迷	0	0	
4:5	挨近你	0	0	
4:5	你便惊惶	0	0	
4:7	请你追想	1	0	
4:7	无辜的人有谁灭亡	0	0	
4:8	按我所见	3	0	
4:8	耕罪孽	0	0	
4:9	神一出气	0	0	
4:9	他们就灭亡	0	0	
4:9	神一发怒	0	0	
4:9	他们就消没	0	0	
4:11	老狮子因绝食而死	0	0	
4:11	母狮之子也都离散	0	0	
4:12	我暗暗地得了默示	1	0	
4:13	在思念夜中	1	0	
4:13	异象之间	1	1	意象之间×1
4:13	世人沉睡的时候	3	0	
4:14	战兢临到我身	2	0	
4:14	使我百骨打战	0	2	使我白骨打战×2
4:15	有灵从我面前经过	2	0	
4:15	我身上的毫毛直立	0	0	
4:16	那灵停住	1	0	
4:16	我却不能辨其形状	1	0	
4:16	有影像在我眼前	2	0	
4:18	主不信靠他的臣仆	2	0	
4:19	何况那住在土房	1	0	
4:19	根基在尘土里	1	0	
4:20	早晚之间	2	0	
4:20	就被毁灭	1	0	
4:20	永归无有	4	0	
4:20	无人理会	6	0	
4:21	且是无智慧而死	3	0	
5:1	你且呼求	5	0	
5:1	有谁答应你	3	0	
5:1	诸圣者之中	10	0	
5:1	你转向哪一位呢	1	0	
5:2	忿怒害死愚妄人	0	2	愤怒害死愚妄人×2
5:2	嫉妒杀死痴迷人	3	0	
5:4	在城门口被压	1	1	在城门口被押×1
5:4	并无人搭救	1	0	
5:7	人生在世必遇患难	4	0	
5:7	如同火星飞腾	0	0	
5:8	至于我	21	0	
5:8	我必仰望神	8	0	
5:8	把我的事情托付他	0	0	
5:9	他行大事不可测度	3	0	
5:9	行奇事不可胜数	5	1	行其事不可胜数×1
5:10	降雨在地上	2	0	
5:10	赐水于田里	0	0	
5:12	破坏狡猾人的计谋	3	0	
5:14	他们白昼遇见黑暗	1	0	
5:14	午间摸索如在夜间	0	0	
5:16	贫寒的人有指望	2	0	
5:18	因为他打破	1	0	
5:18	又缠裹	2	0	
5:18	他击伤	3	0	
5:18	用手医治	1	0	
5:19	你六次遭难	1	0	
5:19	他必救你	3	0	
5:19	就是七次	1	0	
5:19	灾祸也无法害你	1	0	
5:20	在饥荒中	2	0	
5:20	他必救你脱离死亡	1	0	
5:20	在争战中	0	0	
5:21	你必被隐藏	2	0	
5:21	不受口舌之害	3	0	
5:21	灾殃临到	2	0	
5:21	你也不惧怕	3	0	
5:22	你遇见灾害饥馑	2	0	
5:22	就必嬉笑	0	1	就必喜笑×1
5:22	地上的野兽	3	0	
5:24	要查看你的羊圈	1	0	
5:24	一无所失	2	0	
5:26	好像禾捆到时收藏	3	0	
5:27	我们已经考察	0	0	
5:27	本是如此	3	0	
5:27	你须要听	0	3	你需要听×3
6:1	约伯回答说	4	0	
6:3	现今都比海沙更重	1	1	现金都比海沙更重×1
6:3	所以我的言语急躁	3	0	
6:4	我的灵喝尽了	2	0	
6:5	野驴有草岂能叫唤	2	0	
6:5	牛有料岂能吼叫	1	0	
6:6	蛋青有甚么滋味呢	0	1	蛋清有什么滋味呢×1
6:7	看为可厌的食物	3	0	
6:7	我心不肯挨近	1	0	
6:8	惟愿我得着所求的	0	2	唯愿我得着所求的×2
6:8	愿神赐我所切望的	3	0	
6:9	就是愿神把我压碎	1	0	
6:9	伸手将我剪除	2	0	
6:10	就仍以此为安慰	1	0	
6:14	那将要灰心	3	0	
6:14	离弃全能者	6	0	
6:14	不敬畏神的人	6	0	
6:15	我的弟兄诡诈	6	0	
6:15	好像溪水	7	0	
6:16	这河因结冰发黑	1	0	
6:16	有雪藏在其中	2	0	
6:18	顺河偏行	1	0	
6:18	到荒野之地死亡	0	0	
6:19	示巴同伙的人等候	1	0	
6:20	来到那里便蒙羞	1	0	
6:21	现在你们正是这样	4	0	
6:22	我岂说	4	0	
6:22	请你们供给我	2	0	
6:24	请你们教导我	5	0	
6:24	我便不作声	0	3	我便不做声×3
6:27	你们想为孤儿拈阄	1	1	你们想为孤儿念究×1
6:27	以朋友当货物	4	0	
6:28	现在请你们看看我	1	0	
6:28	我决不当面说谎	0	2	我绝不当面说谎×2
6:29	请你们转意	3	0	
6:29	不要不公	2	0	
6:29	请再转意	2	0	
6:29	我的事有理	5	0	
7:2	像奴仆切慕黑影	1	0	
7:2	像雇工人盼望工价	1	0	
7:4	我躺卧的时候便说	2	0	
7:4	我何时起来	2	0	
7:4	黑夜就过去呢	1	0	
7:4	我尽是反来覆去	0	0	
7:4	直到天亮	2	0	
7:6	我的日子比梭更快	3	0	
7:7	求你想念	8	0	
7:8	观看我的人	2	0	
7:8	他的眼必不再见我	2	0	
7:8	你的眼目要看我	4	0	
7:8	我却不在了	9	0	
7:9	云彩消散而过	1	0	
7:10	他不再回自己的家	1	0	
7:10	故土也不再认识他	1	0	
7:11	我不禁止我口	2	0	
7:11	我灵愁苦	2	0	
7:11	要发出言语	3	0	
7:11	我心苦恼	3	0	
7:11	要吐露哀情	0	0	
7:12	我对神说	1	0	
7:12	我岂是洋海	6	0	
7:12	岂是大鱼	5	0	
7:12	你竟防守我呢	0	0	
7:13	我的床必安慰我	2	0	
7:14	你就用梦惊骇我	1	0	
7:14	用异象恐吓我	1	2	用意象恐吓我×2
7:15	甚至我宁肯噎死	1	0	
7:15	宁肯死亡	1	0	
7:16	我厌弃性命	3	0	
7:16	不愿永活	3	0	
7:16	你任凭我吧	2	0	
7:17	人算甚么	0	25	人算什么×25
7:17	你竟看他为大	2	6	你竟看他伟大×6
7:17	将他放在心上	5	0	
7:18	每早鉴察他	1	0	
7:18	时刻试验他	2	0	
7:20	鉴察人的主啊	3	0	
7:20	我若有罪	5	0	
7:20	于你何妨	0	8	与你何妨×8
7:21	除掉我的罪孽	9	0	
7:21	你要殷勤地寻找我	2	0	
8:3	神岂能偏离公平	4	0	
8:4	他使他们受报应	3	0	
8:5	你若殷勤地寻求神	1	0	
8:5	向全能者恳求	3	0	
8:6	你若清洁正直	3	0	
8:6	他必定为你起来	0	0	
8:7	你起初虽然微小	3	0	
8:7	终久必甚发达	0	0	
8:8	请你考问前代	0	0	
8:9	一无所知	3	0	
8:10	他们岂不指教你	1	0	
8:10	告诉你	241	0	
8:12	尚青的时候	0	7	上青的时候×6、上清的时候×1
8:12	还没有割下	3	0	
8:12	比百样的草先枯槁	1	0	
8:13	凡忘记神的人	1	0	
8:13	景况也是这样	4	0	
8:14	他所仰赖的必折断	2	0	
8:15	他要倚靠房屋	0	1	他要依靠房屋×1
8:15	房屋却站立不住	2	0	
8:15	他要抓住房屋	2	0	
8:15	房屋却不能存留	3	0	
8:16	他在日光之下发青	1	1	它在日光之下发青×1
8:16	蔓子爬满了园子	1	0	
8:17	他的根盘绕石堆	0	1	它的根盘绕石堆×1
8:17	扎入石地	3	0	
8:18	他若从本地被拔出	1	1	它若从本地被拔出×1
8:18	那地就不认识他	1	1	那地就不认识它×1
8:18	我没有见过你	1	0	
8:19	这就是他道中之乐	1	0	
8:20	神必不丢弃完全人	3	0	
8:20	也不扶助邪恶人	1	0	
8:21	以欢呼充满你的嘴	2	0	
9:2	我真知道是这样	6	0	
9:3	若愿意与他争辩	3	0	
9:4	他心里有智慧	2	0	
9:4	且大有能力	2	0	
9:5	他发怒	2	0	
9:5	把山翻倒挪移	1	0	
9:5	山并不知觉	1	0	
9:6	他使地震动	2	0	
9:6	离其本位	3	0	
9:6	地的柱子就摇撼	2	0	
9:7	他吩咐日头不出来	1	0	
9:7	就不出来	4	0	
9:7	又封闭众星	1	0	
9:8	他独自铺张苍天	2	0	
9:8	步行在海浪之上	1	0	
9:9	他造北斗	2	0	
9:9	并南方的密宫	2	0	
9:10	他行大事	4	0	
9:10	不可测度	14	0	
9:10	行奇事	5	3	性其实×2、行其事×1
9:10	不可胜数	8	0	
9:11	他从我旁边经过	1	0	
9:11	我却不看见	1	0	
9:11	他在我面前行走	1	0	
9:11	我倒不知觉	1	0	
9:12	他夺取	3	0	
9:12	谁能阻挡	4	0	
9:12	谁敢问他	1	0	
9:12	你做甚么	0	6	你做什么×6
9:13	扶助拉哈伯的	5	0	
9:13	屈身在他以下	6	0	
9:14	既是这样	8	3	辑是这样×2、际是这样×1
9:14	我怎敢回答他	2	0	
9:15	我虽有义	2	12	我虽有意×12
9:15	也不回答他	1	0	
9:16	我若呼吁	3	0	
9:16	他应允我	0	0	
9:17	他用暴风折断我	4	0	
9:18	我就是喘一口气	3	0	
9:18	他都不容	7	0	
9:18	倒使我满心苦恼	1	5	到时我满心苦恼×5
9:19	若论力量	2	0	
9:19	他真有能力	6	0	
9:19	若论审判	1	0	
9:20	我虽完全	5	0	
9:20	我口必显我为弯曲	2	0	
9:21	我本完全	3	0	
9:21	不顾自己	2	0	
9:21	我厌恶我的性命	0	0	
9:22	善恶无分	12	0	
9:22	都是一样	21	0	
9:22	所以我说	309	0	
9:22	完全人和恶人	3	0	
9:22	他都灭绝	2	0	
9:23	若忽然遭杀害之祸	1	0	
9:24	世界交在恶人手中	2	0	
9:24	若不是他	2	0	
9:24	是谁呢	5	0	
9:25	急速过去	2	0	
9:25	不见福乐	3	0	
9:26	如急落抓食的鹰	2	0	
9:27	我若说	6	0	
9:27	我要忘记我的哀情	2	0	
9:27	除去我的愁容	3	0	
9:27	心中畅快	4	0	
9:28	我因愁苦而惧怕	4	0	
9:29	我必被你定为有罪	7	0	
9:29	我何必徒然劳苦呢	3	0	
9:30	我若用雪水洗身	0	0	
9:30	用硷洁净我的手	0	1	用碱洁净我的手×1
9:31	你还要扔我在坑里	1	0	
9:31	我的衣服都憎恶我	2	0	
9:32	他本不像我是人	5	0	
9:32	使我可以回答他	3	0	
9:34	愿他把杖离开我	1	2	愿他把帐离开我×2
9:34	不使惊惶威吓我	0	0	
9:35	我就说话	3	0	
9:35	也不惧怕他	1	0	
9:35	现在我却不是那样	2	0	
10:1	我厌烦我的性命	2	0	
10:1	因心里苦恼	0	0	
10:1	我要说话	4	0	
10:2	对神说	3	0	
10:2	不要定我有罪	10	0	
10:2	要指示我	4	0	
10:2	你为何与我争辩	2	0	
10:3	你手所造的	2	0	
10:3	你又欺压	4	0	
10:3	又藐视	5	0	
10:3	却光照恶人的计谋	2	0	
10:3	这事你以为美吗	3	0	
10:4	你的眼岂是肉眼	2	0	
10:6	就追问我的罪孽	2	0	
10:6	寻察我的罪过吗	0	2	巡查我的罪过吗×2
10:7	你知道我没有罪恶	4	0	
10:8	你的手创造我	0	0	
10:8	造就我的四肢百体	2	0	
10:8	你还要毁灭我	1	0	
10:13	我知道你久有此意	1	0	
10:14	我若犯罪	12	0	
10:14	你就察看我	0	2	你就查看我×2
10:14	并不赦免我的罪孽	4	0	
10:15	我若行恶	1	0	
10:15	便有了祸	1	0	
10:15	我若为义	3	0	
10:15	也不敢抬头	4	0	
10:15	正是满心羞愧	2	0	
10:15	眼见我的苦情	1	0	
10:16	我若昂首自得	4	0	
10:16	你就追捕我如狮子	2	0	
10:17	你重立见证攻击我	0	0	
10:17	向我加增恼怒	1	0	
10:18	不如我当时气绝	1	0	
10:18	无人得见我	1	0	
10:19	就如没有我一般	2	0	
10:20	求你停手宽容我	2	0	
10:22	那地甚是幽暗	0	0	
10:22	是死荫混沌之地	1	0	
10:22	那里的光好像幽暗	1	0	
11:1	拿玛人琐法回答说	2	0	
11:4	我的道理纯全	3	0	
11:4	我在你眼前洁净	3	0	
11:5	惟愿神说话	0	1	唯愿神说话×1
11:5	愿他开口攻击你	3	0	
11:6	他有诸般的智识	2	0	
11:8	他的智慧高于天	3	0	
11:8	你还能做甚么	0	2	你还能做什么×2
11:8	深于阴间	0	0	
11:8	你还能知道甚么	0	4	你还能知道什么×4
11:9	其量比地长	2	0	
11:9	比海宽	4	0	
11:10	他若经过	3	0	
11:10	将人拘禁	4	0	
11:10	招人受审	4	0	
11:10	谁能阻挡他呢	1	0	
11:11	他本知道虚妄的人	1	0	
11:11	人的罪孽	7	0	
11:11	他虽不留意	2	0	
11:11	还是无所不见	3	0	
11:13	你若将心安正	2	0	
11:13	又向主举手	2	0	
11:14	你手里若有罪孽	3	0	
11:14	就当远远地除掉	1	0	
11:15	你也必坚固	3	0	
11:15	无所惧怕	2	0	
11:16	你必忘记你的苦楚	1	0	
11:17	虽有黑暗仍像早晨	0	0	
11:18	也必四围巡查	1	0	
11:18	坦然安息	5	0	
11:19	你躺卧	0	0	
11:19	无人惊吓	2	0	
11:20	他们无路可逃	1	0	
12:2	你们真是子民哪	0	1	你们真是子民呐×1
12:2	你们死亡	2	0	
12:2	智慧也就灭没了	1	0	
12:3	但我也有聪明	1	0	
12:3	与你们一样	4	0	
12:3	并非不及你们	3	0	
12:3	你们所说的	7	0	
12:3	谁不知道呢	3	0	
12:4	我这求告神	3	0	
12:6	强盗的帐棚兴旺	0	3	强盗的帐篷兴旺×3
12:6	惹神的人稳固	3	0	
12:7	你且问走兽	0	0	
12:7	走兽必指教你	0	0	
12:7	又问空中的飞鸟	0	0	
12:7	飞鸟必告诉你	0	0	
12:8	或与地说话	0	0	
12:8	地必指教你	0	0	
12:9	看这一切	0	0	
12:11	耳朵岂不试验言语	0	0	
12:11	正如上膛尝食物吗	0	0	
12:12	年老的有智慧	0	0	
12:12	寿高的有知识	0	0	
12:13	在神有智慧和能力	0	0	
12:13	他有谋略和知识	0	0	
12:14	他拆毁的	0	0	
12:14	就不能再建造	0	0	
12:14	他捆住人	0	0	
12:14	便不得开释	0	0	
12:15	他把水留住	0	0	
12:15	水便枯干	0	0	
12:15	他再发出水来	0	0	
12:15	水就翻地	0	0	
12:16	在他有能力和智慧	0	0	
12:17	他把谋士剥衣掳去	0	0	
12:18	他放松君王的绑	0	0	
12:19	他把祭司剥衣掳去	0	0	
12:19	又使有能的人倾败	0	0	
12:20	又夺去老人的聪明	0	0	
12:21	他使君王蒙羞被辱	0	0	
12:22	使死荫显为光明	0	0	
12:25	他们无光	0	0	
12:25	在黑暗中摸索	0	0	
12:25	又使他们东倒西歪	0	0	
12:25	像醉酒的人一样	0	0	
13:1	这一切	10	1	者一切×1
13:1	我眼都见过	0	0	
13:1	我耳都听过	0	0	
13:1	而且明白	0	0	
13:2	你们所知道的	1	0	
13:2	我也知道	4	0	
13:3	我愿与神理论	0	0	
13:4	你们是编造谎言的	0	0	
13:4	都是无用的医生	0	0	
13:6	请你们听我的辩论	0	0	
13:8	你们要为神徇情吗	0	0	
13:8	要为他争论吗	0	0	
13:9	他查出你们来	0	0	
13:9	这岂是好吗	0	0	
13:9	人欺哄人	0	0	
13:10	你们若暗中徇情	0	0	
13:10	他必要责备你们	0	0	
13:13	你们不要作声	0	0	
13:13	任凭我吧	3	0	
13:13	让我说话	0	0	
13:13	无论如何我都承当	0	0	
13:14	将我的命放在手中	0	0	
13:15	他必杀我	0	0	
13:15	我虽无指望	0	0	
13:16	这要成为我的拯救	0	0	
13:18	我已陈明我的案	0	0	
13:18	知道自己有义	0	0	
13:19	有谁与我争论	0	0	
13:19	我就情愿缄默不言	0	0	
13:19	气绝而亡	0	0	
13:20	我就不躲开你的面	0	0	
13:21	就是把你的手缩回	0	0	
13:21	远离我身	0	0	
13:22	你呼叫	0	0	
13:22	我就回答	0	0	
13:22	或是让我说话	0	0	
13:22	你回答我	6	0	
13:24	你为何掩面	0	0	
13:24	拿我当仇敌呢	0	0	
13:26	你按罪状刑罚我	0	0	
13:28	像虫蛀的衣裳	0	0	
14:1	人为妇人所生	0	0	
14:1	日子短少	0	0	
14:1	多有患难	0	0	
14:2	出来如花	0	0	
14:2	又被割下	0	0	
14:2	飞去如影	0	0	
14:2	不能存留	5	0	
14:3	又叫我来受审吗	0	0	
14:4	无论谁也不能	0	0	
14:5	人的日子既然限定	0	0	
14:5	他的月数在你那里	0	0	
14:5	你也派定他的界限	0	0	
14:5	使他不能越过	0	0	
14:6	便求你转眼不看他	0	0	
14:6	使他得歇息	0	0	
14:7	树若被砍下	1	0	
14:7	还可指望发芽	1	0	
14:7	嫩枝生长不息	1	0	
14:8	干也死在土中	0	0	
14:9	及至得了水气	0	0	
14:9	还要发芽	0	0	
14:9	又长枝条	0	0	
14:9	像新栽的树一样	1	0	
14:10	但人死亡而消灭	0	0	
14:10	他气绝	0	0	
14:10	竟在何处呢	0	0	
14:11	海中的水绝尽	0	0	
14:11	江河消散干涸	0	0	
14:12	人也是如此	0	0	
14:12	躺下不再起来	0	0	
14:12	等到天没有了	0	0	
14:12	仍不得复醒	0	0	
14:12	也不得从睡中唤醒	0	0	
14:13	存于隐密处	0	0	
14:13	等你的忿怒过去	0	0	
14:13	愿你为我定了日期	0	0	
14:13	记念我	0	24	纪念我×22、几年我×2
14:14	等我被释放（或译	0	0	
14:14	改变）的时候来到	0	0	
14:15	我便回答	0	0	
14:15	你手所做的	0	0	
14:15	你必羡慕	0	0	
14:17	也缝严了我的罪孽	0	0	
14:18	山崩变为无有	0	0	
14:18	磐石挪开原处	0	0	
14:19	水流消磨石头	0	0	
14:20	你攻击人常常得胜	0	0	
14:20	使他去世	0	0	
14:20	你改变他的容貌	0	0	
14:20	叫他往而不回	0	0	
14:21	他儿子得尊荣	0	0	
14:21	他也不知道	4	0	
14:21	降为卑	0	0	
14:21	他也不觉得	0	0	
14:22	但知身上疼痛	0	0	
14:22	心中悲哀	0	0	
15:2	用东风充满肚腹呢	0	0	
15:4	你是废弃敬畏的意	0	0	
15:6	并非是我	0	0	
15:10	比你父亲还老	0	0	
15:11	你以为太小吗	0	0	
15:13	使你的灵反对神	0	0	
15:14	人是甚么	0	6	人是什么×6
15:14	竟算为洁净呢	0	0	
15:14	妇人所生的是甚么	0	0	
15:14	竟算为义呢	0	0	
15:15	在他眼前	3	0	
15:15	天也不洁净	0	0	
15:16	何况那污秽可憎	0	0	
15:17	我指示你	0	0	
15:17	你要听	8	0	
15:17	我要述说所看见的	0	0	
15:18	传说而不隐瞒的	0	0	
15:21	在平安时	0	0	
15:22	他被刀剑等候	0	0	
15:23	他漂流在外求食	0	0	
15:23	哪里有食物呢	0	0	
15:24	急难困苦叫他害怕	0	0	
15:24	而且胜了他	0	0	
15:25	他伸手攻击神	0	0	
15:25	以骄傲攻击全能者	0	0	
15:26	挺着颈项	0	0	
15:27	腰积成肥肉	0	0	
15:28	他曾住在荒凉城邑	0	0	
15:28	无人居住	0	0	
15:28	将成乱堆的房屋	0	0	
15:29	他不得富足	0	0	
15:29	财物不得常存	0	0	
15:30	他不得出离黑暗	0	0	
15:30	因神口中的气	0	0	
15:32	他的日期未到之先	0	0	
15:32	这事必成就	0	0	
15:32	他的枝子不得青绿	0	0	
15:33	未熟而落	0	0	
15:33	又像橄榄树的花	0	0	
15:33	一开而谢	0	0	
15:35	他们所怀的是毒害	0	0	
15:35	所生的是罪孽	0	0	
16:2	你们安慰人	0	0	
16:2	反叫人愁烦	0	0	
16:4	又能向你们摇头	0	0	
16:6	我虽说话	0	0	
16:6	忧愁仍不得消解	0	0	
16:6	我虽停住不说	0	0	
16:6	忧愁就离开我吗	0	0	
16:7	但现在神使我困倦	0	0	
16:7	使亲友远离我	0	0	
16:8	又抓住我	0	0	
16:8	作见证攻击我	0	0	
16:9	主发怒撕裂我	0	0	
16:9	逼迫我	0	0	
16:9	向我切齿	0	0	
16:9	我的敌人怒目看我	0	0	
16:10	他们向我开口	0	0	
16:10	打我的脸羞辱我	0	0	
16:10	聚会攻击我	0	0	
16:12	我素来安逸	0	0	
16:12	他折断我	0	0	
16:12	掐住我的颈项	0	0	
16:12	把我摔碎	0	0	
16:13	他破裂我的肺腑	0	0	
16:13	并不留情	0	0	
16:14	将我破裂又破裂	0	0	
16:14	如同勇士向我直闯	0	0	
16:16	我的脸因哭泣发紫	0	0	
16:17	我的手中却无强暴	0	0	
16:17	我的祈祷也是清洁	0	0	
16:18	不要遮盖我的血	4	0	
16:18	不要阻挡我的哀求	5	0	
16:19	在天有我的见证	3	0	
16:19	在上有我的中保	1	2	在上有我的忠宝×2
16:20	我的朋友讥诮我	0	0	
16:20	我却向神眼泪汪汪	0	0	
16:21	愿人得与神辩白	0	2	愿人得与神变白×2
16:22	因为再过几年	1	0	
17:1	我的心灵消耗	0	0	
17:1	我的日子灭尽	0	0	
17:1	坟墓为我预备好了	0	0	
17:3	愿主拿凭据给我	0	0	
17:3	自己为我作保	0	0	
17:5	控告他的朋友	0	0	
17:5	以朋友为可抢夺的	0	0	
17:7	我的百体好像影儿	0	0	
17:8	正直人因此必惊奇	0	0	
17:10	至于你们众人	0	0	
17:10	可以再来辩论吧	0	0	
17:10	你们中间	10	0	
17:11	我的日子已经过了	0	0	
17:11	我的谋算	0	0	
17:12	他们以黑夜为白昼	0	0	
17:12	亮光近乎黑暗	0	0	
17:13	若下榻在黑暗中	0	0	
17:14	若对朽坏说	0	0	
17:14	你是我的父	0	1	你是我的福×1
17:14	对虫说	0	0	
17:14	你是我的母亲姊妹	0	0	
17:15	我的指望在哪里呢	0	0	
17:16	等到安息在尘土中	0	0	
18:2	你可以揣摩思想	0	0	
18:2	然后我们就说话	0	0	
18:3	我们为何算为畜生	0	0	
18:4	难道大地为你见弃	0	0	
18:4	磐石挪开原处吗	0	0	
18:5	他的火焰必不照耀	0	0	
18:8	走在缠人的网罗上	0	0	
18:9	机关必擒获他	0	0	
18:10	活扣为他藏在土内	0	0	
18:10	羁绊为他藏在路上	0	0	
18:11	并且追赶他的脚跟	0	0	
18:14	带到惊吓的王那里	0	0	
18:16	他的根本要枯干	0	0	
18:16	他的枝子要剪除	0	0	
18:18	必被赶出世界	0	0	
19:2	你们搅扰我的心	0	0	
19:3	你们这十次羞辱我	0	0	
19:4	果真我有错	0	0	
19:4	这错乃是在我	0	0	
19:6	用网罗围绕我	0	0	
19:7	我因委曲呼叫	0	0	
19:7	却不蒙应允	0	0	
19:7	我呼求	0	0	
19:7	却不得公断	0	0	
19:8	使我不得经过	0	0	
19:8	又使我的路径黑暗	0	0	
19:9	他剥去我的荣光	0	0	
19:9	摘去我头上的冠冕	0	0	
19:10	他在四围攻击我	0	0	
19:10	我便归于死亡	0	0	
19:11	他的忿怒向我发作	0	0	
19:11	以我为敌人	0	0	
19:12	他的军旅一齐上来	0	0	
19:12	修筑战路攻击我	0	0	
19:14	我的亲戚与我断绝	0	0	
19:14	我的密友都忘记我	0	0	
19:15	在我家寄居的	0	0	
19:16	我呼唤仆人	0	0	
19:16	虽用口求他	0	0	
19:16	他还是不回答	0	0	
19:17	我口的气味	0	0	
19:17	我妻子厌恶	0	0	
19:17	我的恳求	4	0	
19:17	我同胞也憎嫌	0	0	
19:18	连小孩子也藐视我	0	0	
19:18	我若起来	0	0	
19:18	他们都嘲笑我	0	0	
19:19	我的密友都憎恶我	0	0	
19:20	我的皮肉紧贴骨头	0	0	
19:20	我只剩牙皮逃脱了	0	0	
19:21	我朋友啊	0	0	
19:21	可怜我	13	0	
19:21	因为神的手攻击我	0	0	
19:23	都记录在书上	0	0	
19:24	用铁笔镌刻	0	0	
19:24	用铅灌在磐石上	0	0	
19:24	直存到永远	0	0	
19:25	末了必站立在地上	1	0	
19:26	我这皮肉灭绝之后	0	0	
19:27	我自己要见他	0	0	
19:27	亲眼要看他	0	0	
19:27	并不像外人	1	0	
19:28	你们若说	0	0	
19:28	惹事的根乃在乎他	0	0	
19:29	你们就当惧怕刀剑	0	0	
20:2	我心中急躁	0	0	
20:3	我已听见那羞辱我	0	0	
20:3	责备我的话	0	0	
20:3	我的悟性叫我回答	0	0	
20:4	你岂不知亘古以来	0	0	
20:4	自从人生在地	0	0	
20:5	恶人夸胜是暂时的	0	0	
20:6	头虽顶到云中	0	0	
20:7	他终必灭亡	0	0	
20:7	像自己的粪一样	0	0	
20:7	素来见他的人要说	0	0	
20:7	他在哪里呢	0	0	
20:8	他必飞去如梦	0	0	
20:8	不再寻见	0	0	
20:8	速被赶去	0	0	
20:8	如夜间的异象	0	0	
20:9	亲眼见过他的	0	0	
20:9	必不再见他	0	0	
20:12	藏在舌头底下	0	0	
20:13	爱恋不舍	0	0	
20:13	含在口中	0	0	
20:15	他吞了财宝	2	0	
20:15	还要吐出	1	0	
20:17	流奶与蜜之河	0	0	
20:17	他不得再见	0	0	
20:19	他欺压穷人	1	0	
20:19	且又离弃	1	0	
20:20	他因贪而无厌	0	0	
20:22	必到狭窄的地步	0	0	
20:23	正在他吃饭的时候	0	0	
20:24	他要躲避铁器	0	0	
20:25	他把箭一抽	0	0	
20:25	就从他身上出来	0	0	
20:25	有惊惶临在他身上	0	0	
20:26	他的财宝归于黑暗	0	0	
20:27	天要显明他的罪孽	0	0	
20:27	地要兴起攻击他	0	0	
20:28	他的家产必然过去	0	0	
20:28	神发怒的日子	0	0	
20:28	他的货物都要消灭	0	0	
21:2	就算是你们安慰我	0	0	
21:3	请宽容我	0	0	
21:3	我又要说话	0	0	
21:3	说了以后	0	0	
21:3	任凭你们嗤笑吧	0	0	
21:4	我岂是向人诉冤	0	0	
21:4	为何不焦急呢	0	0	
21:5	用手捂口	0	0	
21:6	我每逢思想	0	0	
21:6	心就惊惶	0	0	
21:6	浑身战兢	0	0	
21:7	恶人为何存活	1	0	
21:7	享大寿数	2	0	
21:7	势力强盛呢	0	0	
21:8	他们眼见儿孙	1	0	
21:8	和他们一同坚立	1	1	和他们一同建立×1
21:10	母牛下犊而不掉胎	0	0	
21:11	多如羊群	0	0	
21:12	他们随着琴鼓歌唱	0	0	
21:12	又因箫声欢喜	0	0	
21:13	他们度日诸事亨通	0	0	
21:13	转眼下入阴间	0	0	
21:14	他们对神说	0	0	
21:14	离开我们吧	0	0	
21:15	全能者是谁	0	0	
21:15	我们何必事奉他呢	0	0	
21:17	恶人的灯何尝熄灭	0	0	
21:17	神何尝发怒	0	0	
21:17	向他们分散灾祸呢	0	0	
21:19	你们说	46	0	
21:19	不如本人受报	0	0	
21:19	好使他亲自知道	0	0	
21:21	他的岁月既尽	0	0	
21:21	他还顾他本家吗	0	0	
21:23	有人至死身体强壮	0	0	
21:23	尽得平靖安逸	0	0	
21:24	他的奶桶充满	0	0	
21:24	他的骨髓滋润	0	0	
21:25	有人至死心中痛苦	0	0	
21:26	都被虫子遮盖	0	0	
21:27	我知道你们的意思	0	0	
21:27	并诬害我的计谋	0	0	
21:28	霸者的房屋在哪里	0	0	
21:31	他所行的	1	0	
21:31	有谁当面给他说明	0	0	
21:31	他所做的	1	0	
21:31	有谁报应他呢	0	0	
21:32	并有人看守坟墓	0	0	
21:33	在他以先去的无数	0	0	
21:33	在他以后去的更多	0	0	
21:34	怎么徒然安慰我呢	0	0	
22:2	人岂能使神有益呢	0	0	
22:3	你为人公义	0	0	
22:3	岂叫全能者喜悦呢	0	0	
22:3	你行为完全	0	0	
22:3	岂能使他得利呢	0	0	
22:4	审判你吗	0	0	
22:6	剥去贫寒人的衣服	1	0	
22:7	困乏的人	1	0	
22:7	你没有给他水喝	0	0	
22:7	饥饿的人	3	0	
22:7	你没有给他食物	0	0	
22:9	折断孤儿的膀臂	0	0	
22:10	有网罗环绕你	1	0	
22:11	或有黑暗蒙蔽你	0	0	
22:11	并有洪水淹没你	0	0	
22:12	神岂不是在高天吗	0	0	
22:12	你看星宿何其高呢	0	0	
22:13	神知道甚么	0	0	
22:14	密云将他遮盖	0	0	
22:14	使他不能看见	0	0	
22:14	他周游穹苍	0	0	
22:15	这道是恶人所行的	0	0	
22:16	他们未到死期	0	0	
22:16	忽然除灭	0	0	
22:16	根基毁坏	0	0	
22:16	好像被江河冲去	0	0	
22:17	他们向神说	0	0	
22:19	无辜的人嗤笑他们	0	0	
22:20	其余的都被火烧灭	0	0	
22:21	你要认识神	0	0	
22:21	就得平安	0	0	
22:21	福气也必临到你	0	0	
22:23	你若归向全能者	0	0	
22:23	就必得建立	0	0	
22:25	作你的宝银	0	0	
22:26	向神仰起脸来	0	0	
22:27	你要祷告他	0	0	
22:27	他就听你	0	0	
22:27	你也要还你的愿	0	0	
22:28	你定意要做何事	0	0	
22:28	必然给你成就	0	0	
22:29	人使你降卑	0	0	
22:29	你仍可说	0	0	
22:29	必得高升	0	0	
22:29	谦卑的人	0	0	
22:29	神必然拯救	0	0	
22:30	人非无辜	0	0	
22:30	神且要搭救他	0	0	
22:30	他因你手中清洁	0	0	
22:30	必蒙拯救	0	0	
23:3	能到他的台前	0	0	
23:4	满口辩白	0	0	
23:6	必不这样	0	0	
23:6	他必理会我	0	0	
23:8	我往前行	0	0	
23:8	他不在那里	0	0	
23:8	往后退	0	0	
23:8	也不能见他	0	0	
23:9	他在左边行事	0	0	
23:9	我却不能看见	0	0	
23:9	在右边隐藏	0	0	
23:9	我也不能见他	0	0	
23:10	他试炼我之后	1	0	
23:10	我必如精金	0	0	
23:11	我脚追随他的步履	0	0	
23:11	我谨守他的道	0	0	
23:11	并不偏离	0	0	
23:12	他嘴唇的命令	0	0	
23:12	我未曾背弃	0	0	
23:12	过于我需用的饮食	0	0	
23:13	只是他心志已定	0	0	
23:13	谁能使他转意呢	0	0	
23:13	他心里所愿的	0	0	
23:13	就行出来	0	0	
23:14	他向我所定的	0	0	
23:14	就必做成	0	0	
23:16	神使我丧胆	0	0	
23:16	全能者使我惊惶	0	0	
24:1	全能者既定期罚恶	0	0	
24:2	有人挪移地界	0	0	
24:2	抢夺群畜而牧养	0	0	
24:3	他们拉去孤儿的驴	0	0	
24:5	殷勤寻找食物	0	0	
24:7	终夜赤身无衣	0	0	
24:7	天气寒冷毫无遮盖	0	0	
24:8	在山上被大雨淋湿	0	0	
24:10	使人赤身无衣	0	0	
24:10	到处流行	0	0	
24:10	且因饥饿扛抬禾捆	0	0	
24:11	自己还口渴	0	0	
24:12	受伤的人哀号	0	0	
24:13	又有人背弃光明	0	0	
24:13	不认识光明的道	0	0	
24:13	不住在光明的路上	0	0	
24:14	杀人的黎明起来	0	0	
24:14	杀害困苦穷乏人	0	0	
24:14	夜间又作盗贼	0	0	
24:15	奸夫等候黄昏	0	0	
24:15	必无眼能见我	0	0	
24:15	就把脸蒙蔽	0	0	
24:16	盗贼黑夜挖窟窿	0	0	
24:16	白日躲藏	0	0	
24:16	并不认识光明	0	0	
24:17	他们看早晨如幽暗	0	0	
24:19	干旱炎热消没雪水	0	0	
24:20	虫子要吃他	0	0	
24:20	觉得甘甜	0	0	
24:20	他不再被人记念	0	0	
24:21	他恶待（或译	0	0	
24:21	不善待寡妇	0	0	
24:23	神使他们安稳	0	0	
24:23	他们就有所倚靠	0	0	
24:24	他们被高举	0	0	
24:24	不过片时就没有了	0	0	
24:24	他们降为卑	0	0	
24:24	被除灭	0	0	
24:24	与众人一样	0	0	
24:24	又如谷穗被割	0	0	
24:25	若不是这样	0	0	
25:2	神有治理之权	0	0	
25:2	有威严可畏	0	0	
25:2	他在高处施行和平	0	0	
25:3	他的诸军岂能数算	0	0	
25:3	他的光亮一发	0	0	
25:3	谁不蒙照呢	0	0	
25:4	这样在神面前	0	0	
25:4	人怎能称义	0	0	
25:5	在神眼前	0	0	
25:5	月亮也无光亮	0	0	
25:5	星宿也不清洁	0	0	
25:6	何况如虫的人	0	0	
25:6	如蛆的世人呢	0	0	
26:3	你向他多显大知识	0	0	
26:4	你向谁发出言语来	0	0	
26:4	谁的灵从你而出	0	0	
26:6	在神面前	44	0	
26:6	阴间显露	0	0	
26:6	灭亡也不得遮掩	0	0	
26:7	神将北极铺在空中	0	0	
26:7	将大地悬在虚空	0	0	
26:8	将水包在密云中	0	0	
26:8	云却不破裂	0	0	
26:9	遮蔽他的宝座	0	0	
26:9	将云铺在其上	0	0	
26:12	平静）大海	0	0	
26:13	他的手刺杀快蛇	0	0	
27:1	约伯接着说	4	0	
27:2	神夺去我的理	0	0	
27:5	我断不以你们为是	0	0	
27:6	我持定我的义	0	0	
27:6	必不放松	0	0	
27:6	在世的日子	7	0	
27:6	我心必不责备我	0	0	
27:7	愿那起来攻击我的	0	0	
27:7	如不义之人一般	0	0	
27:9	患难临到他	0	0	
27:9	神岂能听他的呼求	0	0	
27:10	他岂以全能者为乐	0	0	
27:10	随时求告神呢	0	0	
27:11	神的作为	9	0	
27:11	我要指教你们	0	0	
27:11	全能者所行的	0	0	
27:11	我也不隐瞒	0	0	
27:12	你们自己也都见过	0	0	
27:13	神为恶人所定的分	0	0	
27:14	倘或他的儿女增多	0	0	
27:14	还是被刀所杀	0	0	
27:15	他的寡妇也不哀哭	0	0	
27:16	预备衣服如泥土	0	0	
27:17	他只管预备	0	0	
27:17	义人却要穿上	0	0	
27:17	他的银子	0	0	
27:17	无辜的人要分取	0	0	
27:19	他虽富足躺卧	0	0	
27:19	却不得收殓	0	0	
27:19	转眼之间就不在了	0	0	
27:21	东风把他飘去	0	0	
27:21	又刮他离开本处	0	0	
27:22	神要向他射箭	0	0	
27:23	人要向他拍掌	0	0	
27:23	并要发叱声	0	0	
27:23	使他离开本处	0	0	
28:1	银子有矿	0	0	
28:1	炼金有方	0	0	
28:2	铁从地里挖出	0	0	
28:2	铜从石中熔化	0	0	
28:3	人为黑暗定界限	0	0	
28:3	直到极处	0	0	
28:4	又与人远离	0	0	
28:4	悬在空中摇来摇去	0	0	
28:5	至于地	0	1	至于第×1
28:5	能出粮食	0	0	
28:6	并有金沙	0	0	
28:7	鹰眼也未见过	0	0	
28:9	人伸手凿开坚石	0	0	
28:9	倾倒山根	0	0	
28:10	在磐石中凿出水道	0	0	
28:10	亲眼看见各样宝物	0	0	
28:11	他封闭水不得滴流	0	0	
28:12	智慧有何处可寻	0	0	
28:12	聪明之处在哪里呢	0	0	
28:14	深渊说	0	0	
28:14	不在我内	0	0	
28:14	沧海说	0	0	
28:14	不在我中	0	0	
28:15	智慧非用黄金可得	0	0	
28:16	并蓝宝石	0	0	
28:16	不足与较量	0	0	
28:18	水晶都不足论	0	0	
28:18	红宝石）	0	0	
28:19	精金也不足与较量	0	0	
28:20	智慧从何处来呢	0	0	
28:21	向空中的飞鸟掩蔽	0	0	
28:22	灭没和死亡说	0	0	
28:22	我们风闻其名	0	0	
28:23	神明白智慧的道路	0	0	
28:23	晓得智慧的所在	0	0	
28:24	因他鉴察直到地极	0	0	
28:24	遍观普天之下	0	0	
28:25	要为风定轻重	0	0	
28:25	又度量诸水	0	0	
28:26	他为雨露定命令	0	0	
28:26	为雷电定道路	0	0	
28:27	那时他看见智慧	0	0	
28:27	而且述说	0	0	
28:27	他坚定	0	0	
28:27	并且查究	0	0	
28:28	他对人说	0	0	
28:28	敬畏主就是智慧	0	0	
28:28	远离恶便是聪明	0	0	
29:1	约伯又接着说	0	0	
29:2	如神保守我的日子	0	0	
29:4	我愿如壮年的时候	0	0	
29:4	那时我在帐棚中	0	0	
29:4	神待我有密友之情	1	0	
29:5	全能者仍与我同在	0	0	
29:5	我的儿女都环绕我	0	0	
29:6	奶多可洗我的脚	0	0	
29:6	磐石为我出油成河	0	0	
29:7	我出到城门	0	0	
29:7	在街上设立座位	0	0	
29:8	少年人见我而回避	0	0	
29:8	老年人也起身站立	0	0	
29:9	王子都停止说话	0	0	
29:10	首领静默无声	0	0	
29:10	舌头贴住上膛	0	0	
29:11	耳朵听我的	0	0	
29:11	就称我有福	0	0	
29:11	眼睛看我的	0	0	
29:11	便称赞我	0	0	
29:14	我以公义为衣服	0	0	
29:15	我为瞎子的眼	0	0	
29:15	瘸子的脚	0	0	
29:16	我为穷乏人的父	0	0	
29:16	素不认识的人	0	0	
29:16	我查明他的案件	0	0	
29:18	我便说	0	0	
29:18	必增添我的日子	0	0	
29:18	多如尘沙	0	0	
29:19	我的根长到水边	0	0	
29:20	我的弓在手中日强	0	0	
29:21	人听见我而仰望	0	0	
29:21	静默等候我的指教	0	0	
29:22	我说话之后	0	0	
29:22	他们就不再说	0	0	
29:24	他们不敢自信	0	0	
29:24	我就向他们含笑	0	0	
29:25	我为他们选择道路	0	0	
29:25	又坐首位	0	0	
30:1	但如今	2	0	
30:1	其人之父我曾藐视	0	0	
30:3	他们因穷乏饥饿	0	0	
30:3	身体枯瘦	0	0	
30:3	龈干燥之地	0	0	
30:4	在草丛之中采咸草	0	0	
30:4	罗腾（小树名	0	0	
30:5	他们从人中被赶出	0	0	
30:6	在地洞和岩穴中	0	0	
30:7	在草丛中叫唤	0	0	
30:7	在荆棘下聚集	0	0	
30:8	他们被鞭打	0	0	
30:8	赶出境外	0	0	
30:9	以我为笑谈	0	0	
30:10	他们厌恶我	0	0	
30:10	躲在旁边站着	0	0	
30:11	在我面前脱去辔头	0	0	
30:12	推开我的脚	0	0	
30:12	筑成战路来攻击我	0	0	
30:13	这些无人帮助的	0	0	
30:13	毁坏我的道	0	0	
30:13	加增我的灾	0	0	
30:15	惊恐临到我	0	0	
30:15	驱逐我的尊荣如风	0	0	
30:15	我的福禄如云过去	0	0	
30:16	现在我心极其悲伤	0	0	
30:17	我里面的骨头刺我	0	0	
30:17	疼痛不止	0	0	
30:17	好像龈我	0	0	
30:18	因神的大力	0	0	
30:18	我的外衣污秽不堪	0	0	
30:19	神把我扔在淤泥中	0	0	
30:20	我呼求你	0	0	
30:20	你不应允我	0	0	
30:20	我站起来	0	0	
30:20	你就定睛看我	0	0	
30:21	你向我变心	0	0	
30:21	待我残忍	0	0	
30:21	又用大能追逼我	0	0	
30:22	把我提在风中	0	0	
30:22	使我驾风而行	0	0	
30:24	人仆倒岂不伸手	0	0	
30:24	遇灾难岂不求救呢	0	0	
30:25	人遭难	0	0	
30:25	我岂不为他哭泣呢	0	0	
30:25	人穷乏	0	0	
30:25	我岂不为他忧愁呢	0	0	
30:26	我仰望得好处	0	0	
30:26	灾祸就到了	0	0	
30:26	我等待光明	0	0	
30:26	黑暗便来了	0	0	
30:27	我心里烦扰不安	0	0	
30:28	我在会中站着求救	0	0	
30:29	我与野狗为弟兄	0	0	
30:29	与鸵鸟为同伴	0	0	
30:30	我的皮肤黑而脱落	0	0	
30:30	我的骨头因热烧焦	0	0	
30:31	我的琴音变为悲音	0	0	
30:31	我的箫声变为哭声	0	0	
31:1	我与眼睛立约	0	0	
31:3	灾害临到作孽的呢	0	0	
31:4	数点我的脚步呢	0	0	
31:5	我若与虚谎同行	0	0	
31:5	脚若追随诡诈	0	0	
31:9	我若受迷惑	0	0	
31:9	向妇人起淫念	0	0	
31:9	在邻舍的门外蹲伏	0	0	
31:10	别人也与她同室	0	0	
31:11	因为这是大罪	0	0	
31:12	这本是火焚烧	0	0	
31:12	直到毁灭	0	0	
31:14	神兴起	0	0	
31:14	我怎样行呢	0	0	
31:14	他察问	0	0	
31:14	我怎样回答呢	0	0	
31:15	造我在腹中的	0	0	
31:15	不也是造他吗	0	0	
31:16	或叫寡妇眼中失望	0	0	
31:17	孤儿没有与我同吃	0	0	
31:18	好像父子一样	0	0	
31:20	为我祝福	0	0	
31:21	举手攻击孤儿	0	0	
31:23	因他的威严	0	0	
31:23	我不能妄为	0	0	
31:24	我若以黄金为指望	0	0	
31:24	对精金说	0	0	
31:24	你是我的倚靠	0	0	
31:25	我若因财物丰裕	0	0	
31:26	我若见太阳发光	0	0	
31:26	明月行在空中	0	0	
31:27	心就暗暗被引诱	0	0	
31:27	口便亲手	0	0	
31:29	见他遭灾便高兴	0	0	
31:30	（我没有容口犯罪	0	0	
31:30	咒诅他的生命	3	0	
31:33	我若像亚当（或译	0	0	
31:33	将罪孽藏在怀中	0	0	
31:34	因惧怕大众	0	0	
31:34	以致闭口无言	0	0	
31:34	杜门不出	0	0	
31:35	惟愿有一位肯听我	0	0	
31:35	（看哪	0	0	
31:35	愿全能者回答我	0	0	
31:36	我必带在肩上	0	0	
31:36	又绑在头上为冠冕	0	0	
31:38	我若夺取田地	0	0	
31:38	这地向我喊冤	0	0	
31:38	犁沟一同哭泣	0	0	
31:39	或叫原主丧命	0	0	
31:40	长恶草代替大麦	0	0	
31:40	约伯的话说完了	0	0	
32:1	于是这三个人	0	0	
32:2	因约伯自以为义	0	0	
32:2	不以神为义	0	0	
32:3	仍以约伯为有罪	0	0	
32:4	就等候他们	0	0	
32:5	就怒气发作	0	0	
32:6	我年轻	3	0	
32:6	你们老迈	0	0	
32:6	因此我退让	0	0	
32:7	年老的当先说话	0	0	
32:8	但在人里面有灵	0	0	
32:9	尊贵的不都有智慧	0	0	
32:10	因此我说	4	0	
32:10	你们要听我言	0	0	
32:11	侧耳听你们的辩论	0	0	
32:12	留心听你们	0	0	
32:12	驳倒他的话	0	0	
32:13	你们切不可说	0	0	
32:13	我们寻得智慧	0	0	
32:13	神能胜他	0	0	
32:13	人却不能	0	0	
32:14	约伯没有向我争辩	0	0	
32:15	他们惊奇不再回答	0	0	
32:15	一言不发	0	0	
32:16	我岂因他们不说话	0	0	
32:16	站住不再回答	0	0	
32:16	仍旧等候呢	0	0	
32:17	陈说我的意见	0	0	
32:18	因为我的言语满怀	0	0	
32:18	我里面的灵激动我	0	0	
32:20	使我舒畅	0	0	
32:20	我要开口回答	1	0	
32:21	我必不看人的情面	0	0	
32:21	也不奉承人	0	0	
32:22	我不晓得奉承	0	0	
32:22	若奉承	0	0	
33:1	约伯啊	31	0	
33:1	请听我的话	0	0	
33:2	我现在开口	0	0	
33:2	用舌发言	0	0	
33:3	我所知道的	0	0	
33:4	神的灵造我	0	0	
33:5	你若回答我	0	0	
33:5	就站起来	0	0	
33:5	在我面前陈明	0	0	
33:6	也是用土造成	0	0	
33:7	我不用威严惊吓你	0	0	
33:7	也不用势力重压你	0	0	
33:8	你所说的	3	0	
33:8	我听见了	0	0	
33:8	也听见你的言语	0	0	
33:9	我是清洁无过的	0	0	
33:9	我是无辜的	3	0	
33:10	神找机会攻击我	0	0	
33:10	以我为仇敌	0	0	
33:11	把我的脚上了木狗	0	0	
33:11	窥察我一切的道路	0	0	
33:12	我要回答你说	0	0	
33:12	你这话无理	0	0	
33:12	因神比世人更大	0	0	
33:13	你为何与他争论呢	0	0	
33:14	神说一次	0	0	
33:14	世人却不理会	0	0	
33:16	开通他们的耳朵	0	0	
33:18	拦阻人不陷于坑里	0	0	
33:18	不死在刀下	0	0	
33:19	人在床上被惩治	0	0	
33:19	骨头中不住地疼痛	0	0	
33:20	心厌恶美味	0	0	
33:21	他的肉消瘦	0	0	
33:21	不得再见	0	0	
33:22	他的灵魂临近深坑	2	0	
33:23	一千天使中	2	0	
33:23	指示人所当行的事	2	2	只是人所当行的事×2
33:24	神就给他开恩	2	0	
33:24	救赎他免得下坑	0	0	
33:24	我已经得了赎价	4	0	
33:25	他就返老还童	1	0	
33:26	他祷告神	3	0	
33:26	神就喜悦他	3	0	
33:26	神又看他为义	0	0	
33:27	他在人前歌唱说	0	0	
33:27	我犯了罪	0	0	
33:27	颠倒是非	0	0	
33:27	这竟与我无益	0	0	
33:28	我的生命也必见光	0	0	
33:29	神两次	0	0	
33:30	使他被光照耀	0	0	
33:30	与活人一样	0	0	
33:31	你当侧耳听我的话	0	0	
33:31	不要作声	0	0	
33:31	等我讲说	0	0	
33:32	你若有话说	0	0	
33:32	就可以回答我	0	0	
33:32	你只管说	0	0	
33:32	因我愿以你为是	0	0	
33:33	若不然	0	0	
33:33	你就听我说	0	0	
33:33	你不要作声	0	0	
33:33	我便将智慧教训你	0	0	
34:1	以利户又说	0	0	
34:3	因为耳朵试验话语	0	0	
34:3	好像上膛尝食物	0	0	
34:4	我们当选择何为是	0	0	
34:4	彼此知道何为善	0	0	
34:5	约伯曾说	0	0	
34:5	我是公义	0	0	
34:6	我虽有理	0	0	
34:6	还算为说谎言的	0	0	
34:6	我虽无过	0	0	
34:6	受的伤还不能医治	0	0	
34:7	谁像约伯	0	0	
34:7	喝讥诮如同喝水呢	0	0	
34:8	他与作孽的结伴	0	0	
34:8	和恶人同行	0	0	
34:9	人以神为乐	0	0	
34:9	总是无益	0	0	
34:10	神断不致行恶	0	0	
34:10	全能者断不致作孽	0	0	
34:12	神必不作恶	0	0	
34:13	谁派他治理地	0	0	
34:13	安定全世界呢	0	0	
34:14	他若专心为己	0	0	
34:14	将灵和气收归自己	0	0	
34:15	世人必仍归尘土	0	0	
34:16	你若明理	0	0	
34:16	就当听我的话	0	0	
34:17	那有公义的	0	0	
34:17	有大能的	0	0	
34:17	岂可定他有罪吗	0	0	
34:18	他对君王说	0	0	
34:18	你是鄙陋的	0	0	
34:18	对贵臣说	0	0	
34:18	你是邪恶的	0	0	
34:19	他待王子不徇情面	0	0	
34:19	因为都是他手所造	0	0	
34:20	在转眼之间	0	0	
34:20	半夜之中	0	0	
34:20	他们就死亡	0	0	
34:20	百姓被震动而去世	0	0	
34:21	看明人的脚步	0	0	
34:22	没有黑暗	0	0	
34:23	神审判人	0	1	审审判人×1
34:24	设立别人代替他们	0	0	
34:26	如同击打恶人一样	0	0	
34:27	也不留心他的道	0	0	
34:29	他使人安静	0	0	
34:29	谁能扰乱（或译	0	0	
34:29	定罪）呢	0	0	
34:29	他掩面	0	0	
34:29	谁能见他呢	0	0	
34:30	免得有人牢笼百姓	0	0	
34:31	有谁对神说	0	0	
34:31	我受了责罚	0	0	
34:31	不再犯罪	0	0	
34:32	我所看不明的	0	0	
34:32	求你指教我	3	0	
34:32	我若作了孽	0	0	
34:32	必不再作	0	0	
34:33	他施行报应	0	0	
34:33	岂要随你的心愿	0	0	
34:33	叫你推辞不受吗	0	0	
34:33	选定的是你	0	0	
34:33	不是我	71	3	不使我×3
34:35	约伯说话没有知识	0	0	
34:35	言语中毫无智慧	0	0	
34:36	愿约伯被试验到底	0	0	
34:37	他在罪上又加悖逆	0	0	
34:37	在我们中间拍手	0	0	
34:37	用许多言语轻慢神	0	0	
35:2	你以为有理	0	0	
35:5	你要向天观看	0	0	
35:6	你若犯罪	0	0	
35:6	能使神受何害呢	0	0	
35:6	你的过犯加增	0	0	
35:6	能使神受何损呢	0	0	
35:7	你若是公义	0	0	
35:7	还能加增他甚么呢	0	0	
35:10	却无人说	0	0	
35:10	造我的神在哪里	0	0	
35:10	他使人夜间歌唱	0	0	
35:12	他们在那里	0	0	
35:12	因恶人的骄傲呼求	0	0	
35:12	却无人答应	0	0	
35:13	虚妄的呼求	0	0	
35:13	神必不垂听	0	0	
35:13	全能者也必不眷顾	0	0	
35:14	何况你说	0	0	
35:14	你不得见他	0	0	
35:14	你的案件在他面前	0	0	
35:14	你等候他吧	0	0	
35:15	也不甚理会狂傲	0	0	
35:16	多发无知识的言语	0	0	
36:1	以利户又接着说	0	0	
36:2	你再容我片时	0	0	
36:2	我就指示你	0	0	
36:2	因我还有话为神说	0	0	
36:4	我的言语真不虚谎	0	0	
36:5	神有大能	0	0	
36:5	并不藐视人	0	0	
36:5	他的智慧甚广	0	0	
36:6	却为困苦人伸冤	0	0	
36:7	他时常看顾义人	0	0	
36:7	永远要被高举	0	0	
36:8	他们若被锁链捆住	0	0	
36:8	被苦难的绳索缠住	0	0	
36:11	他们若听从事奉他	0	0	
36:11	就必度日亨通	0	0	
36:11	历年福乐	0	0	
36:12	若不听从	0	0	
36:12	就要被刀杀灭	0	0	
36:12	无知无识而死	0	0	
36:13	神捆绑他们	0	0	
36:13	他们竟不求救	0	0	
36:14	必在青年时死亡	0	0	
36:14	与污秽人一样丧命	0	0	
36:17	判断和刑罚抓住你	0	0	
36:18	不可容忿怒触动你	0	0	
36:18	使你不服责罚	0	0	
36:19	你的呼求（或译	0	0	
36:19	资财）	0	0	
36:19	或是你一切的势力	0	0	
36:19	果有灵验	0	0	
36:19	叫你不受患难吗	0	0	
36:20	不要切慕黑夜	0	0	
36:21	你要谨慎	1	0	
36:21	不可重看罪孽	0	0	
36:23	谁派定他的道路	0	0	
36:23	谁能说	0	0	
36:23	你所行的不义	0	0	
36:24	就是人所歌颂的	0	0	
36:25	万人都看见	0	0	
36:25	世人也从远处观看	0	0	
36:26	神为大	0	0	
36:26	我们不能全知	0	0	
36:26	他的年数不能测度	0	0	
36:27	他吸取水点	0	0	
36:28	云彩将雨落下	0	0	
36:28	沛然降与世人	0	0	
36:29	和神行宫的雷声呢	0	0	
36:30	他又遮覆海底	0	0	
36:31	他用这些审判众民	0	0	
36:31	且赐丰富的粮食	0	0	
36:32	他以电光遮手	0	0	
36:32	中了靶子）	0	0	
37:1	因此我心战兢	0	0	
37:1	从原处移动	0	0	
37:3	他发响声震遍天下	0	0	
37:3	发电光闪到地极	0	0	
37:4	大发威严	0	0	
37:4	雷电接连不断	0	0	
37:5	神发出奇妙的雷声	0	0	
37:5	我们不能测透	0	0	
37:6	他对雪说	0	0	
37:6	要降在地上	0	0	
37:7	他封住各人的手	0	0	
37:8	百兽进入穴中	0	0	
37:8	卧在洞内	0	0	
37:9	暴风出于南宫	0	0	
37:9	寒冷出于北方	0	0	
37:10	神嘘气成冰	0	0	
37:10	宽阔之水也都凝结	0	0	
37:11	他使密云盛满水气	0	0	
37:11	布散电光之云	0	0	
37:13	或为责罚	0	0	
37:13	或为润地	0	0	
37:13	或为施行慈爱	0	0	
37:14	你要留心听	0	0	
37:15	神如何吩咐这些	0	0	
37:15	你知道吗	37	1	你知道嘛×1
37:16	云彩如何浮于空中	0	0	
37:17	南风使地寂静	0	0	
37:17	你的衣服就如火热	0	0	
37:18	这穹苍坚硬	0	0	
37:18	如同铸成的镜子	0	0	
37:19	我们愚昧不能陈说	0	0	
37:20	人岂可说	0	0	
37:20	我愿与他说话	0	0	
37:20	岂有人自愿灭亡吗	0	0	
37:21	现在有云遮蔽	0	0	
37:21	但风吹过	0	0	
37:21	天又发晴	0	0	
37:22	金光出于北方	0	0	
37:23	论到全能者	0	0	
37:23	我们不能测度	0	0	
37:23	他大有能力	1	0	
37:23	有公平和大义	0	0	
37:23	必不苦待人	0	0	
37:24	人敬畏他	0	0	
37:24	他都不顾念	0	0	
38:3	你要如勇士束腰	1	0	
38:3	我问你	17	0	
38:3	你可以指示我	0	0	
38:4	你在哪里呢	0	0	
38:4	你若有聪明	0	0	
38:4	只管说吧	0	0	
38:5	你若晓得就说	0	0	
38:5	是谁定地的尺度	0	0	
38:7	晨星一同歌唱	0	0	
38:7	神的众子也都欢呼	0	0	
38:8	海水冲出	0	0	
38:8	如出胎胞	0	0	
38:8	那时谁将它关闭呢	0	0	
38:10	为它定界限	0	0	
38:10	又安门和闩	0	0	
38:11	你只可到这里	0	0	
38:11	不可越过	0	0	
38:12	你自生以来	0	0	
38:12	曾命定晨光	0	0	
38:14	因这光	0	0	
38:15	亮光不照恶人	0	0	
38:16	你曾进到海源	0	0	
38:18	你若全知道	0	0	
38:20	你能带到本境	0	0	
38:20	能看明其室之路吗	0	0	
38:21	你总知道	0	0	
38:21	你日子的数目也多	0	0	
38:22	你曾进入雪库	0	0	
38:22	或见过雹仓吗	0	0	
38:24	光亮从何路分开	0	0	
38:25	谁为雨水分道	0	0	
38:25	谁为雷电开路	0	0	
38:26	使雨降在无人之地	0	0	
38:26	无人居住的旷野	0	0	
38:27	青草得以发生	0	0	
38:28	雨有父吗	0	0	
38:28	露水珠是谁生的呢	0	0	
38:29	冰出于谁的胎	0	0	
38:30	诸水坚硬（或译	0	0	
38:30	隐藏）如石头	0	0	
38:30	深渊之面凝结成冰	0	0	
38:31	能解开参星的带吗	0	0	
38:32	原文是子）吗	0	0	
38:33	你知道天的定例吗	0	0	
38:35	你能发出闪电	0	0	
38:35	叫它行去	0	0	
38:35	使它对你说	0	0	
38:35	我们在这里	1	0	
38:36	谁将智慧放在怀中	0	0	
38:36	谁将聪明赐于心内	0	0	
38:37	尘土聚集成团	0	0	
38:37	土块紧紧结连	0	0	
38:39	母狮子在洞中蹲伏	0	0	
38:39	使它们饱足吗	0	0	
38:41	哀告神	0	0	
38:41	谁为它预备食物呢	0	0	
39:1	母鹿下犊之期	0	0	
39:1	你能察定吗	0	0	
39:2	它们怀胎的月数	0	0	
39:2	你能数算吗	0	0	
39:2	它们几时生产	0	0	
39:2	你能晓得吗	0	0	
39:3	它们屈身	0	0	
39:3	将子生下	0	0	
39:3	就除掉疼痛	0	0	
39:4	这子渐渐肥壮	0	0	
39:4	在荒野长大	0	0	
39:4	去而不回	0	0	
39:5	谁放野驴出去自由	0	0	
39:5	谁解开快驴的绳索	0	0	
39:6	使咸地当它的居所	0	0	
39:7	它嗤笑城内的喧嚷	0	0	
39:7	不听赶牲口的喝声	0	0	
39:8	遍山是它的草场	0	0	
39:9	野牛岂肯服事你	0	0	
39:9	岂肯住在你的槽旁	0	0	
39:14	因它把蛋留在地上	0	0	
39:14	在尘土中使得温暖	0	0	
39:15	却想不到被脚踹碎	0	0	
39:15	或被野兽践踏	0	0	
39:16	它忍心待雏	0	0	
39:16	似乎不是自己的	0	0	
39:16	虽然徒受劳苦	0	0	
39:16	也不为雏惧怕	0	0	
39:17	也未将悟性赐给它	0	0	
39:21	它在谷中刨地	0	0	
39:21	自喜其力	0	0	
39:22	也不因刀剑退回	0	0	
39:23	箭袋和发亮的枪	0	0	
39:25	角每发声	0	0	
39:25	它说呵哈	0	0	
39:25	它从远处闻着战气	0	0	
39:26	鹰雀飞翔	0	0	
39:26	展开翅膀一直向南	0	0	
39:26	岂是藉你的智慧吗	0	0	
39:27	岂是听你的吩咐吗	0	0	
39:28	它住在山岩	0	0	
39:29	从那里窥看食物	0	0	
39:29	眼睛远远观望	0	0	
39:30	它的雏也咂血	0	0	
39:30	被杀的人在哪里	0	0	
39:30	它也在那里	0	0	
40:1	耶和华又对约伯说	0	0	
40:3	约伯回答耶和华说	0	0	
40:4	我是卑贱的	0	0	
40:4	我用甚么回答你呢	0	0	
40:4	只好用手捂口	0	0	
40:5	我说了一次	0	0	
40:5	再不回答	0	0	
40:5	说了两次	0	0	
40:5	就不再说	0	0	
40:8	岂可定我有罪	0	0	
40:8	好显自己为义吗	0	0	
40:9	你能像他发雷声吗	0	0	
40:10	以尊荣威严为衣服	0	0	
40:11	见一切骄傲的人	0	0	
40:11	使他降卑	0	0	
40:12	将他制伏	0	0	
40:12	把恶人践踏在本处	0	0	
40:15	你且观看河马	0	0	
40:15	我造你也造它	0	0	
40:15	它吃草与牛一样	0	0	
40:16	它的气力在腰间	0	0	
40:16	能力在肚腹的筋上	0	0	
40:18	它的骨头好像铜管	0	0	
40:18	它的肢体彷佛铁棍	0	0	
40:19	创造它的给它刀剑	0	0	
40:20	诸山给它出食物	0	0	
40:20	也是百兽游玩之处	0	0	
40:21	它伏在莲叶之下	0	0	
40:22	莲叶的阴凉遮蔽它	0	0	
40:22	溪旁的柳树环绕它	0	0	
40:23	河水泛滥	0	0	
40:23	它不发战	0	0	
40:23	也是安然	0	0	
40:24	在它防备的时候	0	0	
40:24	谁能捉拿它	0	0	
41:3	它岂向你连连恳求	0	0	
41:3	说柔和的话吗	0	0	
41:4	岂肯与你立约	0	0	
41:6	能把它分给商人吗	0	0	
41:8	你按手在它身上	0	0	
41:8	想与它争战	0	0	
41:8	就不再这样行吧	0	0	
41:9	一见它	0	1	一件他×1
41:9	岂不丧胆吗	0	0	
41:11	谁先给我甚么	0	0	
41:11	使我偿还呢	0	0	
41:11	天下万物都是我的	0	0	
41:12	并美好的骨骼	0	0	
41:12	我不能缄默不言	0	0	
41:13	谁能剥它的外衣	0	0	
41:14	谁能开它的腮颊	0	0	
41:15	紧紧合闭	0	0	
41:15	封得严密	0	0	
41:16	这鳞甲一一相连	0	0	
41:17	都是互相联络	0	0	
41:17	不能分离	0	0	
41:19	与飞迸的火星	0	0	
41:20	从它鼻孔冒出烟来	0	0	
41:21	它的气点着煤炭	0	0	
41:22	它颈项中存着劲力	0	0	
41:23	它的肉块互相联络	0	0	
41:23	紧贴其身	0	0	
41:23	不能摇动	0	0	
41:24	它的心结实如石头	0	0	
41:24	如下磨石那样结实	0	0	
41:25	它一起来	0	0	
41:25	勇士都惊恐	0	0	
41:25	心里慌乱	0	0	
41:25	便都昏迷	0	0	
41:26	人若用刀	0	0	
41:26	用标枪	0	0	
41:26	用尖枪扎它	0	0	
41:26	都是无用	1	0	
41:27	它以铁为干草	0	0	
41:27	以铜为烂木	0	0	
41:28	弹石在它看为碎秸	0	0	
41:29	棍棒算为禾秸	0	0	
41:30	它肚腹下如尖瓦片	0	0	
41:30	它如钉耙经过淤泥	0	0	
41:31	它使深渊开滚如锅	0	0	
41:32	它行的路随后发光	0	0	
41:34	凡高大的	0	0	
41:34	它无不藐视	0	0	
42:2	我知道	65	1	我直到×1
42:2	你万事都能做	2	0	
42:2	你的旨意不能拦阻	0	0	
42:3	这些事太奇妙	1	0	
42:3	是我不知道的	0	0	
42:4	求你听我	3	0	
42:4	求你指示我	3	0	
42:5	我从前风闻有你	1	0	
42:5	现在亲眼看见你	0	0	
42:6	我的言语）	0	0	
42:8	七只公羊	0	0	
42:8	为自己献上燔祭	0	0	
42:8	我因悦纳他	0	0	
42:8	你们议论我	1	0	
42:9	于是提幔人以利法	0	0	
42:9	耶和华就悦纳约伯	0	0	
42:11	约伯的弟兄	0	0	
42:11	在他家里一同吃饭	0	0	
42:11	都为他悲伤安慰他	0	0	
42:12	他有一万四千羊	0	0	
42:12	六千骆驼	0	0	
42:12	一千对牛	0	0	
42:12	一千母驴	0	0	
42:13	他也有七个儿子	0	0	
42:14	次女叫基洗亚	0	0	
42:14	三女叫基连・哈朴	0	0	
42:16	得见他的儿孙	0	0	
42:16	直到四代	0	0	
42:17	约伯年纪老迈	0	0	
42:17	日子满足而死	0	0	
